Codigo,Descripcion,Categoria,StockPrincipal,StockProduccion,StockTransformacion,CantidadPorCaja,NumeroCajas,Ubicacion,FechaExpedicion,DiasParaExpirar,FechaExpiracion,Proveedor,UltimaOrden,Detalles,Id,StockMinimo,StockMaximo,VidaUtilMeses,Notas,LotesJson
LGOIR-ACCESORY/SPARE01,EPOXY DERUSHA TUBES,CHANTIER,67,0,0,12,5.58333333,E6R,XX,0,,N/A,,,1159,5,100,0,,[]
18-LOCK-125-XX-XX,CAM LOCKS,USINE/ASSEMBLAGE,6003,0,0,300,20.01,"E4L, BOX 21(2000), BOX 30(3400)",XX,0,,N/A,,,1160,5,100,0,,[]
18-VCMC-124-15-NO,"VIS CMC NOIR 10-24 X 1 1/2""",CHANTIER/USINE,36903,0,0,3130,11.7900959,"E2R,BOX 19, BOX 20",XX,0,,N/A,,,1161,5,100,0,,[]
18-VCMC-832-12-NO,"VIS CMC NOIR 8-32 X 1/2""",CHANTIER/USINE,17896,0,0,8000,2.237,E2R,XX,0,,N/A,,,1162,5,100,0,,[]
18-COIP-011-XX-TR,"CORNER OF TRANSPARENT PLASTIC (11.125"")11 1/8",CHANTIER,5055,0,0,1050,4.81428571,E6R,XX,0,,N/A,,,1163,5,100,0,,[]
LGOIR-LIFTING1,"SLING/Courroie 10""",CHANTIER,9,0,0,1,9,BOX 28,XX,0,,N/A,,,1164,5,100,0,,[]
LGOIR-LIFTING2,"SLING/Courroie 12""",CHANTIER,14,0,0,1,14,BOX 28,XX,0,,N/A,,,1165,5,100,0,,[]
LGOIR-LIFTING3,"SLING/Courroie 14""",CHANTIER,8,0,0,1,8,BOX 26,XX,0,,N/A,,,1166,5,100,0,,[]
LGOIR-LIFTING4,"SLING/Courroie 16""",CHANTIER,18,0,0,1,18,BOX 26,XX,0,,N/A,,,1167,5,100,0,,[]
LGOIR-LIFTING5,"SLING/Courroie 20""",CHANTIER,16,0,0,1,16,BOX 26,XX,0,,N/A,,,1168,5,100,0,,[]
LGOIR-LIFTING6,"SLING/Courroie 8""",CHANTIER,18,0,0,1,18,BOX 28,XX,0,,N/A,,,1169,5,100,0,,[]
LGOIR-PASTE1,Dymonic Amande,CHANTIER,0,0,0,30,0,E5R,-,0,,"VALTEC, PSC",,,1170,5,100,0,,[]
LGOIR-PASTE2,Dymonic Beige,CHANTIER,57,0,0,30,1.9,E5R,45554,-17,46102,"VALTEC, PSC",,,1171,5,100,0,,[]
LGOIR-PASTE3,DYMONIC BLACK,CHANTIER,102,0,0,30,3.4,E4R,45792,221,46340,"VALTEC, PSC",46078,,1172,5,100,0,,[]
LGOIR-PASTE4,DYMONIC BRONZE,CHANTIER,55,0,0,30,1.83333333,E3R,-,0,,"VALTEC, PSC",46086,,1173,5,100,0,,[]
LGOIR-PASTE5,Dymonic FC REDWOOD TAN,CHANTIER,17,0,0,30,0.56666667,E4R,45665,94,46213,"VALTEC, PSC",,,1174,5,100,0,,[]
LGOIR-PASTE6,DYMONIC IVORY,CHANTIER,45,0,0,30,1.5,E3R,46042,471,46590,"VALTEC, PSC",46078,,1175,5,100,0,,[]
LGOIR-PASTE7,DYMONIC LIGHT BRONZE,CHANTIER,31,0,0,30,1.03333333,E3R,45639,68,46187,"VALTEC, PSC",Waiting,,1176,5,100,0,,[]
LGOIR-PASTE8,Dymonic Limestone,CHANTIER,30,0,0,30,1,E3R,45779,208,46327,"VALTEC, PSC",,,1177,5,100,0,,[]
LGOIR-PASTE9,Dymonic Off white,CHANTIER,55,0,0,30,1.83333333,E4R,45996,425,46544,"VALTEC, PSC",46078,,1178,5,100,0,,[]
LGOIR-PASTE10,Dymonic white,CHANTIER,29,0,0,30,0.96666667,E4R,45584,13,46132,"VALTEC, PSC",,,1179,5,100,0,,[]
LGOIR-PASTE11,EPOXY DERUSHA BUSES,CHANTIER,35,0,0,12,2.91666667,E6R,XX,0,,N/A,,,1180,5,100,0,,[]
LGOIR-LITTLE PIECE / FIX1,"Fender Washer PLTD 3/16 1"" OD",USINE/ASSEMBLAGE,160,0,0,40,4,E3C,XX,0,,H.PAULIN,46119,,1181,5,100,0,,[]
LGOIR-93286A011,"ALUMINIUM WASHERS FOR NUMBER 10 SCREW, GENERALPURPOSE, 0.203"" ID, 0.438"" OD,  PACKS OF 100",USINE/ASSEMBLAGE,1000,0,0,100,10,ARMOIRE AVEC CLE,XX,0,,MCMASTER-CARR,46078,,1182,5,100,0,,[]
LGOIR-PROTECTION1,GANTS 10 /GLOVES 10,USINE,25,0,0,1,25,X,XX,0,,TENAQUIP,,,1183,5,100,0,,[]
LGOIR-PROTECTION2,GANTS 6/GLOVES 6,USINE,116,0,0,1,116,X,XX,0,,TENAQUIP,,,1184,5,100,0,,[]
LGOIR-PROTECTION3,GANTS 7/GLOVES 7,USINE,75,0,0,1,75,X,XX,0,,TENAQUIP,,,1185,5,100,0,,[]
LGOIR-PROTECTION4,GANTS 8/GLOVES 8,USINE,13,0,0,1,13,X,XX,0,,TENAQUIP,Waiting,,1186,5,100,0,,[]
LGOIR-PROTECTION5,GANTS 9/GLOVES 9,USINE,67,0,0,1,67,X,XX,0,,TENAQUIP,,,1187,5,100,0,,[]
LGOIR-PLASTIC1,GRAY SHIMS,CHANTIER,523,0,0,0,0,E5C,XX,0,,N/A,,,1188,5,100,0,,[]
LGOIR-TOOL1,GUN A EPOXY,CHANTIER,2,0,0,5,0.4,E6R,XX,0,,N/A,,,1189,5,100,0,,[]
LGOIR-PASTE12,HARDENER,CHANTIER,38,0,0,1,38,E5R,XX,0,,N/A,,,1190,5,100,0,,[]
LGOIR-LITTLE PIECE/ SECURITY3,HEX NUTS 5,USINE,10365,0,0,3000,3.455,E4L,XX,0,,N/A,,,1191,5,100,0,,[]
LGOIR-PROTECTION6,LUNETTES DE PROTECTION,USINE/SAFETY,95,0,0,1,95,X,XX,0,,N/A,,,1192,5,100,0,,[]
LGOIR-LIQUID/MACHINERY1,COOL CUT METAL CUTTING LUBRICANT/LUBRIFIANT DE COUPE POUR METAUX,USINE,26,0,0,30,0.86666667,ETOPC,XX,0,,N/A,,,1193,5,100,0,,[]
18-KEBO-POU-23-BC,KERABOND WHITE,CHANTIER,35,0,0,30,1.16666667,E1L,XX,0,,PROSOL,46086,,1194,5,100,0,,[]
LGOIR-LIQUID2,"KERALASTIC (7,5L)",CHANTIER,2,0,0,1,2,E1L,XX,0,,N/A,,,1195,5,100,0,,[]
18-KELA-LIQ-19-BC,KERALASTIC 5U.S GALS 18.9L,CHANTIER,12,0,0,10,1.2,E1L,XX,0,,PROSOL,46093,,1196,5,100,0,,[]
LGOIR-LITTLE PIECE /SECURITY4,CAMS,ASSEMBLAGE,9690,0,0,1500,6.46,E4L,XX,0,,N/A,,,1197,5,100,0,,[]
LGOIR-TAPE1,painter's tape blue,ASSEMBLAGE/USINE,22,0,0,16,1.375,E5L,XX,0,,N/A,,,1198,5,100,0,,[]
ANCHORPRESS,ANCHOR PRESS(DYNACAST),CHANTIER,8142,0,0,275,29.6072727,CONTAINEUR CHANTIER,XX,0,,N/A,Waiting,,1199,5,100,0,,[]
LGOIR-LIQUID4,Peinture Flat Black,MAGASINIER,1,0,0,6,0.16666667,E6C,XX,0,,AD prevost,,,1200,5,100,0,,[]
LGOIR-LIQUID PM823,Peinture gold,FINITION,11,0,0,12,0.91666667,E6C,XX,0,,AD prevost,,,1201,5,100,0,,[]
LGOIR-BETON1189,ANCRAGE # 3,CHANTIER,1085,0,0,12,90.4166667,X,XX,0,,N/A,,,1202,5,100,0,,[]
18-VCMC-832-12-XX,"VIS CMC NATUREL 8-32 X 1/2""",CHANTIER,0,0,0,7500,0,BOX 19,XX,0,,N/A,,,1203,5,100,0,,[]
LGOIR-BETON/MARBLE10,HILTI BOLT CHEVILLE KB-TZ2 1/2 X 3,CHANTIER,14,0,0,20,0.7,CONTAINER CHANTIER,XX,0,,N/A,,,1204,5,100,0,,[]
LGOIR-TOOL324,EXACTEAU,FINITION,5,0,0,12,0.41666667,ARMOIRE AVEC CLE T4,XX,0,,N/A,,,1205,5,100,0,,[]
LGOIR-LIQUID PM819,Peinture light bronze,FINITION,9,0,0,12,0.75,E6C,XX,0,,AD prevost,,,1206,5,100,0,,[]
LGOIR-RB5473,RUBAN POUR MARCHES,FINITION,1,0,0,12,0.08333333,ARMOIRE AVEC CLE T3,XX,0,,N/A,,,1207,5,100,0,,[]
LGOIR-LIQUID ANOSPEC546,Peinture medium bronze,FINITION,19,0,0,12,1.58333333,E6C,XX,0,,AD prevost,,,1208,5,100,0,,[]
LGOIR-LIQUID10,Peinture Or Metalique,FINITION,3,0,0,12,0.25,E6C,XX,0,,N/A,,,1209,5,100,0,,[]
LGOIR-LITTLE12413,"HEX DRIVE JOINT CONNECTOR CAP NUT 1/4""-20 UNC X 669""LONG STEEL PLATED",FINITION,63,0,0,1,63,BOITE TRANSPARENT PLASTIQUE CONT CHANTIER,XX,0,,N/A,,,1210,5,100,0,,[]
LGOIR-SHIM316,SHIM JAUNE 3/16,CHANTIER,1200,0,0,100,12,E2C,XX,0,,N/A,,,1211,5,100,0,,[]
LGOIR-PLASTIC2,BIG BROWN PLASTIC PLUGS,CHANTIER,1356,0,0,400,3.39,E6R,XX,0,,N/A,,,1212,5,100,0,,[]
LGOIR-LIQUID13,Polythinner,ASSEMBLAGE/ EXTRUSION/USINE,2,0,0,1,2,E1C,XX,0,,N/A,,,1213,5,100,0,,[]
LGOIR-GAS1,PROPANE FOR FORKLIFT,USINE,4,0,0,1,4,DEHORS,XX,0,,SUPERIEUR PROPANE,46101,,1214,5,100,0,,[]
LGOIR-RUBBER1,Rouleaux de gaskets,ASSEMBLAGE,2,0,0,1,2,ETOPL,XX,0,,N/A,,,1215,5,100,0,,[]
LGOIR-TOOL2,TOURNEVIS/SCREWDRIVER TX-15,CHANTIER,143,0,0,1,143,"E5R, BOX 44, BOX 27",XX,0,,N/A,,,1216,5,100,0,,[]
LGOIR-TOOL3,TOURNEVIS/SCREWDRIVER CMC,CHANTIER,100,0,0,1,100,"E5R, BOX 27",XX,0,,N/A,,,1217,5,100,0,,[]
LGOIR-TOOL4,TOURNEVIS/SCREWDRIVER TX-25,CHANTIER,16,0,0,1,16,E5R,XX,0,,N/A,,,1218,5,100,0,,[]
LGOIR-LITTLE PIECE5,SEE THROUGH PIN,CHANTIER/FINITION,264,0,0,100,2.64,X,XX,0,,N/A,,,1219,5,100,0,,[]
LGOIR-SHIM08,"SHIMS 1/8""",CHANTIER/USINE,2580,0,0,1000,2.58,E2C,XX,0,,N/A,,,1220,5,100,0,,[]
LGOIR-SHIM04,"SHIMS 1/4""",CHANTIER/USINE,6280,0,0,1000,6.28,E2C,XX,0,,PSC,46098,,1221,5,100,0,,[]
LGOIR-SHIM16,"SHIMS 1/16""",CHANTIER/USINE,5457,0,0,1000,5.457,E2C,XX,0,,N/A,,,1222,5,100,0,,[]
LGOIR-PASTE13,SIKAFLEX 1A,CHANTIER/USINE,327,0,0,24,13.625,E2R,46019,448,46567,PSC,46091,,1223,5,100,0,,[]
LGOIR-PASTE14,SILICONE TRANSLUCENT WHITE   DOWSIL,CHANTIER/FINITION,43,0,0,12,3.58333333,E4R,45183,-388,45731,PSC,,,1224,5,100,0,,[]
LGOIR-PASTE15,SILICONE CLEAR DOWSIL,CHANTIER/FINITION,63,0,0,12,5.25,E4R,46699,1128,47247,PSC,,,1225,5,100,0,,[]
LGOIR-PASTE16,Silicone Rustic Brick,CHANTIER,20,0,0,25,0.8,E5R,45748,177,46296,N/A,,,1226,5,100,0,,[]
LGOIR-METAL1,STEEL PLATE FOR CORNER NICHES,CHANTIER,146,0,0,1,146,E1C,XX,0,,Acier Lachine,,,1227,5,100,0,,[]
LGOIR-TIM123,"TIMBERTITE SCREW WOOD FASTENER(TAPCON) 1/4 X 8""  USE 5/16 HEX DRIVER REMOVAVLE  & REUSABLE CERAMIC COATED",CHANTIER,50,0,0,1,50,ARMOIRE SANS CLE T2,XX,0,,N/A,,,1228,5,100,0,,[]
LGOIR-SQ45131,"IRWIN  METAL COMBINATION SQUARE 16"" 40CM",CHANTIER,2,0,0,1,2,ARMOIRE AVEC CLE T4,XX,0,,N/A,,,1229,5,100,0,,[]
LGOIR-BETON1,"TAPCON 1/4"" X 3-1/4",CHANTIER,2489,0,0,2000,1.2445,"E5R, ETOPR",XX,0,,N/A,,,1230,5,100,0,,[]
LGOIR-BETON2,"TAPCON 1/4"" X 2-3/4""",CHANTIER,5308,0,0,1000,5.308,CONTAINEUR CHANTIER,XX,0,,N/A,,,1231,5,100,0,,[]
LGOIR-BETON3,TAPCON  1/2 x 5,CHANTIER,85,0,0,100,0.85,CONTAINEUR CHANTIER,XX,0,,N/A,,,1232,5,100,0,,[]
LGOIR-PASTE17,TENAX,CHANTIER,35,0,0,12,2.91666667,E5R,XX,0,,N/A,,,1233,5,100,0,,[]
LGOIR-METAL2,TENSION TIES,CHANTIER,25,0,0,1,25,E1C,XX,0,,N/A,,,1234,5,100,0,,[]
LGOIR-CARPEINTEER1,VIS A BOIS 8 x 2 1/2,CHANTIER/CRETAGE,5000,0,0,2500,2,E4C,XX,0,,N/A,,,1235,5,100,0,,[]
LGOIR-CARPEINTEER2,VIS A BOIS 8 X 1 1/4'',CHANTIER/CRETAGE,5820,0,0,7500,0.776,E4C,XX,0,,N/A,,,1236,5,100,0,,[]
LGOIR-CARPEINTEER3,"VIS A BOIS 8x 1 3/4""",CHANTIER/CRETAGE,60000,0,0,5000,12,"E4C, CRATAGE",XX,0,,N/A,,,1237,5,100,0,,[]
18-VDOS-058-15-ZC,"VIS DE DOS AUTOPERCEUSE #8 X 5/8"" T. HEX RONDELLE ZINC",ASSEMBLAGE,1327,0,0,100,13.27,E5C,XX,0,,N/A,,,1238,5,100,0,,[]
LGOIR-FIX1 Desormeau tekgc120200,VIS AUTOPERCEUSE T.GAUFREE CARREE ZINC 12-24 UNC X 2 (SEE THROUGH),FINITINON/ASSEMBLAGE,8438,0,0,3000,2.81266667,E4C,XX,0,,N/A,,,1239,5,100,0,,[]
18-VDOS-112-15-ZC / Desormeau TEKHR120150,"VIS DE DOS AUTOPERCEUSES T. HEX, ZINC 12-14X1 1/2",ASSEMBLAGE,12997,0,0,2500,5.1988,E3C,XX,0,,N/A,,,1240,5,100,0,,[]
18-VCMC-124-15-XX,"VIS CMC NATUREL 10-24 X 1  1/2""",CHANTIER,2638,0,0,3000,0.87933333,BOX 19,XX,0,,N/A,,,1241,5,100,0,,[]
18-VCMC-124-15-02,"VIS CMC BRONZE 10-24 X 1 1/2""",CHANTIER,4705,0,0,2500,1.882,E3R,XX,0,,N/A,,,1242,5,100,0,,[]
18-VRTC-5558-832-XX,"VIS PAN COURT TEMPORAIRE POUR ROSETTES 8-32X5/8"" STAINLESS STEEL BQC4555",EXTRUSION,8713,0,0,4000,2.17825,BOX 30,XX,0,,N/A,,,1243,5,100,0,,[]
18-VRTL-6034-832-XX,"VIS PAN LONG TEMPORAIRE POUR ROSETTES 8-32X3/4"" STAINLESS STEEL BQC4560",EXTRUSION,44000,0,0,4000,11,BOX 31,XX,0,,N/A,,,1244,5,100,0,,[]
18-VTRX-832-12-XX,"VIS TORX NATUREL 8-32 X 1/2""",CHANTIER,2811,0,0,10000,0.2811,BOX 19,XX,0,,N/A,,,1245,5,100,0,,[]
18-VTRX-124-15-XX,"VIS TORX NATUREL 10-24 X 1 1/2""",CHANTIER,0,0,0,4500,0,BOX 19,XX,0,,N/A,,,1246,5,100,0,,[]
18-VTRX-124-15-NO,"VIS TORX NOIR 10-24 X 1 1/2""",CHANTIER,82606,0,0,4450,18.5631461,"E2R,BOX 12, BOX 20, BOX 21, BOX 25",XX,0,,N/A,,,1247,5,100,0,,[]
18-VTRX-124-78-NO,"VIS TORX NOIR 10-24 X 7/8""",CHANTIER,97822,0,0,4000,24.4555,"E2R, BOX 20",XX,0,,N/A,,,1248,5,100,0,,[]
18-VTRX-832-12-NO,"VIS TORX NOIR 8-32 X 1/2""",CHANTIER,123762,0,0,15000,8.2508,"E2R,BOX 21",XX,0,,N/A,,,1249,5,100,0,,[]
LGOIR-BETON/MARBLE4,"WEDGE BOLTS 1/2X7""",CHANTIER,6,0,0,1,6,CONTAINEUR CHANTIER,XX,0,,N/A,,,1250,5,100,0,,[]
LGOIR-BETON/MARBLE5,"WEDGE BOLTS 1/2X6""",CHANTIER,8,0,0,1,8,CONTAINEUR CHANTIER,XX,0,,N/A,,,1251,5,100,0,,[]
LGOIR-BETON/MARBLE6,"WEDGE BOLTS 1/2X4""",CHANTIER,8,0,0,1,8,CONTAINEUR CHANTIER,XX,0,,N/A,,,1252,5,100,0,,[]
LGOIR-BETON/MARBLE7,"WEDGE BOLTS 5/8""X6""",CHANTIER,12,0,0,1,12,CONTAINEUR CHANTIER,XX,0,,N/A,,,1253,5,100,0,,[]
LGOIR-BETON/MARBLE8,"WEDGE BOLTS 10XKB3/4""X4 3/4""",CHANTIER,42,0,0,1,42,CONTAINEUR CHANTIER,XX,0,,N/A,,,1254,5,100,0,,[]
LGOIR-BETON/MARBLE9,"WEDGE BOLTS 1/2""X4 1/2""",CHANTIER,100,0,0,1,100,CONTAINEUR CHANTIER,XX,0,,N/A,,,1255,5,100,0,,[]
LGOIR-BETON/MARBLE10,"WEDGE BOLTS 3/8"" X3 3/4",CHANTIER,325,0,0,50,6.5,E2R,XX,0,,N/A,,,1256,5,100,0,,[]
LGOIR-SECURITY1,KEYS # 088,CHANTIER/USINE,11813,0,0,1,11813,TANK BLEU A COTE DE LA PORTE D'ENTR�E,XX,0,,N/A,,,1257,5,100,0,,[]
18-ROSE-FCI-10-41,ROSETTE FLORALE CARRE INTERIEUR 1 PATTE FINI ANTIQUE BRONZE,CHANTIER/USINE,3550,0,0,450,7.88888889,"E2L,BOX 12(450)",XX,0,,N/A,,,1258,5,100,0,,[]
18-ROSE-FCI-00-41,ROSETTE FLORALE CARRE INTERIEUR 0 PATTE FINI ANTIQUE BRONZE,CHANTIER/USINE,877,0,0,450,1.94888889,E3L,XX,0,,N/A,,,1259,5,100,0,,[]
18-ROSE-FCI-20-41,ROSETTE FLORALE CARRE INTERIEUR 2 PATTES FINI ANTIQUE BRONZE,CHANTIER/USINE,1565,0,0,450,3.47777778,"E2L, BOX 51",XX,0,,N/A,,,1260,5,100,0,,[]
18-ROSE-FCI-30-41,ROSETTE FLORAL CARRE INTERIEUR 3 PATTES FINI ANTIQUE BRONZE,CHANTIER/USINE,4345,0,0,450,9.65555556,"E2L, BOX 34(900)",XX,0,,N/A,,,1261,5,100,0,,[]
18-ROSE-FCI-40-41,ROSETTE FLORAL CARRE INTERIEUR 4 PATTES FINI ANTIQUE BRONZE,CHANTIER/USINE,6584,0,0,450,14.6311111,E2L,XX,0,,DECOSPEC,46093,,1262,5,100,0,,[]
18-ROSE-SUP-M1-40,SUPPORT ROSETTE EXTERIEURS MACHINE T1 FINI NATUREL,CHANTIER/USINE,257,0,0,450,0.57111111,E3L,XX,0,,N/A,,,1263,5,100,0,,[]
18-ROSE-FRE-00-41 (BJ1127),"ROSETTE BJ1127 ANTIC BRASS ROSETTE FLORALE RONDE ALUMINIUM 3,5CM (JORDA)",CHANTIER,5111,0,0,1000,5.111,BOX 33,XX,0,,N/A,,,1264,5,100,0,,[]
18-ROSE-FCI-05-41,ROSETTE FLORAL CARRE INTERIEUR ANTIQUE BRONZE 0 PATTES AVEC CLE,CHANTIER,4114,0,0,450,9.14222222,"E3L, BOX 12(450)",XX,0,,N/A,,,1265,5,100,0,,[]
LGOIR-TOOL5,TAPE A MESURER DEWALT 16',USINE,6,0,0,1,6,ARMOIRE AVEC CLE T2,XX,0,,N/A,,,1266,5,100,0,,[]
LGOIR-LITTLE PIECE6,"ZINC-PLATED STEEL COUPLING NUT,LOW STREGHT, 10-32 X 5/16 X 3/4L THREAD SIZE",FINITION,160,0,0,10,16,ARMOIRE WITH LOCK,XX,0,,N/A,,,1267,5,100,0,,[]
LGOIR-TAPE2,RED TUCK TAPE,CRATAGE,14,0,0,1,14,E5L,XX,0,,N/A,,,1268,5,100,0,,[]
18-TRAM-24V-5A-SE,Transformateur 120 W 24 Volts DC - 5 Amp�res 4 SORTIES MOLEX (SEP),CHANTIER/ELECTRIQUE,49,0,0,1,49,ARMOIRE DU M. ELCTRIQUE,XX,0,,SEP,46119,,1269,5,100,0,,[]
18-RLED-200-03-SE,RONDELLE ELECTRIQUE,CHANTIER/ELECTRIQUE,15,0,0,1,15,ARMOIRE DU M. ELECTRIQUE,XX,0,,N/A,,,1270,5,100,0,,[]
LGOIR-TAPE3,WHITE MASKING TAPE,USINE,38,0,0,1,38,E5L,XX,0,,N/A,,,1271,5,100,0,,[]
LGOIR-BETON11,"ZINC PIN DRIVE ANCHOR 1/4""X2""",CHANTIER,1399,0,0,100,13.99,CONTAINEUR CHANTIER,XX,0,,N/A,,,1272,5,100,0,,[]
18-ROSE-FCI-20-43,ROSETTE FLORALE CARRE INTERIEUR 2 PATTES GOLD,CHANTIER,73,0,0,100,0.73,BOX 12,XX,0,,N/A,,,1273,5,100,0,,[]
18-ROSE-FCI-40-43,ROSETTE FLORALE CARRE INTERIEUR 4 PATTES GOLD,CHANTIER,188,0,0,450,0.41777778,BOX 12,XX,0,,N/A,,,1274,5,100,0,,[]
18-BLED-200-10-SE,BARRE LED 10`WARM WHITE SEMI FLEXIBLE,CHANTIER/USINE,1722,0,0,120,14.35,ARMOIRE DU M. ELECTRIQUE,XX,0,,SEP,46119,,1275,5,100,0,,[]
18-BLED-200-06-SE,"BARRE LED 6,75"" WARM WHITE SEMI FLEXIBLE",CHANTIER/USINE,1507,0,0,60,25.1166667,ARMOIRE DU M ELECTRIQUE,XX,0,,SEP,46077,,1276,5,100,0,,[]
LGOIR-PACKING1,BLOWN STRETCH FILM 18in X 1500'(TAPE TRANSPARENT A EMBALLER),CRATAGE,4,0,0,4,1,CONTAINEUR CHANTIER,XX,0,,ULINE,,,1277,5,100,0,,[]
LGOIR-PACKING2,"BANDING FILM 3"" X 1500'(TAPE TRANSPARENT A EMBALLER)",USINE,93,0,0,18,5.16666667,ETOPL,XX,0,,N/A,,,1278,5,100,0,,[]
LGOIR-PASTE18,LOCTITE MARINE GRADE ANTI-SEIZE 207ml,CHANTIER,89,0,0,6,14.8333333,E6R,XX,0,,N/A,,,1279,5,100,0,,[]
LGOIR-PLASTIC3,CORNER OF TRANSPARENT PLASTIC (11.875),CHANTIER,50,0,0,50,1,E6R,XX,0,,N/A,,,1280,5,100,0,,[]
18-COIP-013-XX-TR,CORNER OF TRANSPARENT PLASTIC (13.135),CHANTIER,997,0,0,600,1.66166667,E6R,XX,0,,N/A,,,1281,5,100,0,,[]
LGOIR-TAPE4,TAPE BLACK AND YELLOW (DO NOT TRESPASING,USINE,6,0,0,1,6,X,XX,0,,N/A,,,1282,5,100,0,,[]
LGOIR-LUBRICANT1,SOLID STICK CUTTING LUBRICANT COOL CUT,USINE,50,0,0,1,50,ETOPL,XX,0,,N/A,,,1283,5,100,0,,[]
LGOIR-PROTECTION7,EAR MUFF/COQUILLES D'OREILLES,USINE,6,0,0,1,6,X,XX,0,,N/A,,,1284,5,100,0,,[]
LGOIR-SCIE/SPARE1,"TURBO RIM FOR SMOOTH CUTS 5"" DIAMOND BLADE",CHANTIER,18,0,0,1,18,ARMOIRE AVEC CLE T3,XX,0,,N/A,,,1285,5,100,0,,[]
LGOIR-TOOL6,ANGLE DIE GRINDER/MEULEUSE,USINE,1,0,0,1,1,ARMOIRE AVEC CLE T3,XX,0,,N/A,,,1286,5,100,0,,[]
LGOIR-REVOLUTION /SPARE1,BEARING FLUSH TRIM BIT(FOR TOUPIE),USINE,4,0,0,1,4,X,XX,0,,N/A,,,1287,5,100,0,,[]
LGOIR-TOOL7,METAL COMBINATION SAQUARE,USINE,2,0,0,1,2,X,XX,0,,N/A,,,1288,5,100,0,,[]
LGOIR-TOOL8,DEAD BLOW HAMMER(MARTEAU ROUGE),USINE,11,0,0,1,11,ARMOIRE SANS CLE T1,XX,0,,N/A,,,1289,5,100,0,,[]
LGOIR-TOOL9,MARTEAU EN PLASTIC ORANGE,USINE,2,0,0,1,2,ARMOIRE SANS CLE T1,XX,0,,N/A,,,1290,5,100,0,,[]
LGOIR-TAPE5,DUCT TAPE GRIS 48mm,USINE,53,0,0,1,53,E5C,XX,0,,FASTENAL,46104,,1291,5,100,0,,[]
LGOIR-TOOL10,SNAP-OFF KNIFE/CUTEAU A LAME SECBLE,USINE,2,0,0,1,2,X,XX,0,,N/A,,,1292,5,100,0,,[]
LGOIR-LITTLEPIECETOOL1234,FRAISES 7/64,USINE,1,0,0,1,1,DESK,XX,0,,N/A,,,1293,5,100,0,,[]
LGOIR-PROTECTION8,EAR PLUGS,USINE,50,0,0,1,50,X,XX,0,,N/A,,,1294,5,100,0,,[]
LGOIR-SECURITY2,CADENAS/PADLOCKS 3KABLU/KEY2126,CHANTIER,20,0,0,1,20,X,XX,0,,N/A,,,1295,5,100,0,,[]
LGOIR-PACKING3,"2""HEAVY DUTY TAPE DISPENSER",USINE,6,0,0,1,6,ARMOIRE SANS CLE T1,XX,0,,N/A,,,1296,5,100,0,,[]
LGOIR-TAPE7,PAINTER'S TAPE FROG TAPE,USINE,8,0,0,1,8,E5L,XX,0,,N/A,,,1297,5,100,0,,[]
LGOIR-SCIE/SPARE2,CUT-OFF WHEEL/FREE CUT MEULE A TRANCONNER/DECOLLETAGE,CHANTIER,25,0,0,1,25,ARMOIRE AVEC CLE T2,XX,0,,N/A,,,1298,5,100,0,,[]
LGOIR-SCIE/SPARE3,"ZIP CUT 5"" X 3/64"" X 7/8 125 X 1.2 X 22,23 mm",CHANTIER,6,0,0,1,6,ARMOIRE AVEC CLE T3,XX,0,,N/A,,,1299,5,100,0,,[]
LGOIR-SCIE/SPARE4,"METAL CUT-OFF DIAMETER 4 1/2"" THICKNESS 1/16",CHANTIER,1,0,0,1,1,X,XX,0,,N/A,,,1300,5,100,0,,[]
LGOIR-SCIE/SPARE5,"BLACKSTONE CUTTING WHEEL 3"" X .040"" X 3/8"" 76 X 1 X 10 mm",CHANTIER,9,0,0,1,9,ARMOIRE AVEC CLE T2,XX,0,,N/A,,,1301,5,100,0,,[]
LGOIR-LITTLE PIECE7,CAL POUR VITRE,USINE,57,0,0,1,57,ARMOIRE SANS CLE T1,XX,0,,N/A,,,1302,5,100,0,,[]
LGOIR-PROTECTION9,HEARING  BAND WITH PLUG,USINE,36,0,0,1,36,X,XX,0,,N/A,,,1303,5,100,0,,[]
LGOIR-TOOL11,BENCH CLAMP,USINE,5,0,0,1,5,ARMOIRE SANS CLE T2,XX,0,,N/A,,,1304,5,100,0,,[]
LGOIR-PROTECTION /CLEANING10,SAFETY GLASS WIPES,USINE,720,0,0,120,6,X,XX,0,,N/A,46105,,1305,5,100,0,,[]
LGOIR-TAPE8,TAPE COLLANT POUR LEDS ROUGE,USINE,4,0,0,1,4,X,XX,0,,N/A,,,1306,5,100,0,,[]
LGOIR-TOOL/SPARE12,"STAPLES T50 1/2"" 12mm POUR AGRAFEUSE JAUNE",USINE,11250,0,0,1250,9,X,XX,0,,Agrafbec,,,1307,5,100,0,,[]
LGOIR-TOOL/SPARE13,LAME A EXACTEAU,USINE,210,0,0,1,210,ARMOIRE SANS CLE T1,XX,0,,N/A,,,1308,5,100,0,,[]
LGOIR-AIR/ACCESORY1,BLOW GUN,USINE,2,0,0,1,2,ARMOIRE AVEC CLE T4,XX,0,,N/A,,,1309,5,100,0,,[]
LGOIR-TOOL/SPARE14,"HACKSAW BLADE 12""",USINE,31,0,0,10,3.1,ARMOIRE SANS CLE T3,XX,0,,N/A,,,1310,5,100,0,,[]
LGOIR-TOOL/SPARE15,"HACKSAW BLADE 10""",USINE,2,0,0,1,2,ARMOIRE SANS CLE T3,XX,0,,N/A,,,1311,5,100,0,,[]
LGOIR-AIR/ACCESORY2,2 WAY MANIFOLD ASSEMBLY,USINE,2,0,0,1,2,X,XX,0,,N/A,,,1312,5,100,0,,[]
LGOIR-LUBRICANT2,HIGH TEMPERATURE LUB OIL,USINE,2,0,0,1,2,X,XX,0,,N/A,,,1313,5,100,0,,[]
LGOIR-MACHINERY/SPARE1,"LAME POUR SCIE A RUBAN 7'9""X3/8""",USINE,14,0,0,1,14,X,XX,0,,N/A,,,1314,5,100,0,,[]
LGOIR-PASTE19,LOCTITE MARINE GRADE ANTI-SEIZE 453.6ml,USINE,8,0,0,1,8,ETOPC,XX,0,,N/A,,,1315,5,100,0,,[]
LGOIR-DRILL1,"DRILL AND COUNTER SINK  7/64""/MECHE AVEC FRAISE",USINE,5,0,0,1,5,E6L,XX,0,,N/A,,,1316,5,100,0,,[]
LGOIR-DRILL2,"MECHE 7/64""",USINE,200,0,0,12,16.6666667,ARMOIRE AVEC CLE T2,XX,0,,N/A,,,1317,5,100,0,,[]
18-ROSE-FCI-40-40,ROSETTE FLORALE CARRE NATURELE 4 PATTES,CHANTIER,3150,0,0,450,7,"BOX 3(900), BOX 18 BIN 2",XX,0,,DERO,46093,,1318,5,100,0,,[]
18-ROSE-FCI-30-40,ROSETTE FLORALE CARRE NATURELE 3 PATTES,CHANTIER,2712,0,0,450,6.02666667,"BOX 3, BOX 9, BOX 18",XX,0,,N/A,,,1319,5,100,0,,[]
18-ROSE-FCI-20-40,ROSETTE FLORALE CARRE NATURELE 2 PATTES,CHANTIER,3239,0,0,450,7.19777778,"BOX 3, BOX 5, BOX 9,BOX 46",XX,0,,N/A,,,1320,5,100,0,,[]
18-ROSE-FCI-10-40,ROSETTE FLORALE CARRE NATURELE 1 PATTE,CHANTIER,3242,0,0,450,7.20444444,"BOX 5, BOX 7, BOX 9",XX,0,,N/A,,,1321,5,100,0,,[]
18-ROSE-FCI-00-40,ROSETTE FLORALE CARRE NATURELE 0 PATTES,CHANTIER,5795,0,0,450,12.8777778,"BOX 5, BOX 7, BOX 35, BOX 36",XX,0,,N/A,,,1322,5,100,0,,[]
18-ROSE-FCI-05-40,ROSETTE FLORALE CARRE NATURELE CLE,CHANTIER,1775,0,0,450,3.94444444,"BOX 1 , BOX 2, BOX 4, BOX 6, BOX 18",XX,0,,N/A,,,1323,5,100,0,,[]
DIV-1F-3M/ 18-SPLT-1T3-3M-SE,SPLIT POUR TRANSFO PLUSIEURS SORTIES (1SPLIT=2SORTIES DE PLUS),CHANTIER/ELECTRIQUE,26,0,0,1,26,ARMOIRE DU M. ELECTRIQUE,XX,0,,N/A,,,1324,5,100,0,,[]
LGOIR-METAL3,"ROD S/S 1/2 x17""",CHANTIER,0,0,0,1,0,E3C,XX,0,,N/A,,,1325,5,100,0,,[]
LGOIR-METAL4,"ROD S/S 1/2 x 15""",CHANTIER,1,0,0,1,1,E3C,XX,0,,N/A,,,1326,5,100,0,,[]
LGOIR-METAL5,"ROD S/S 1/2 x 16""",CHANTIER,0,0,0,1,0,E3C,XX,0,,N/A,,,1327,5,100,0,,[]
LGOIR-METAL6,"ROD S/S 1/2 x 12""",CHANTIER,26,0,0,1,26,E3C,XX,0,,N/A,,,1328,5,100,0,,[]
LGOIR-METAL7,"ROD S/S 1/2 x 9""",CHANTIER,0,0,0,1,0,E3C,XX,0,,N/A,,,1329,5,100,0,,[]
LGOIR-METAL8,"ROD S/S 1/2 x 8""",CHANTIER,34,0,0,1,34,E3C,XX,0,,N/A,,,1330,5,100,0,,[]
LGOIR-METAL9,"ROD S/S 1/2 x 10""",CHANTIER,39,0,0,1,39,E3C,XX,0,,N/A,,,1331,5,100,0,,[]
LGOIR-METAL10,"ROD S/S 1/2 x145""",CHANTIER,0,0,0,1,0,A COTE DE L'ESCALIER,XX,0,,N/A,,,1332,5,100,0,,[]
LGOIR-METAL11,"ROD S/S 1/2 x 72""",CHANTIER,81,0,0,1,81,A COTE DE L'ESCALIER,XX,0,,N/A,,,1333,5,100,0,,[]
LGOIR-SCIE/SPARE6,"FINE FINISH BLADE/LAME DE FINITION FINE 10""",USINE,1,0,0,1,1,X,XX,0,,N/A,,,1334,5,100,0,,[]
LGOIR-METAL12,"ROD S/S 1/2 x 19""",CHANTIER,0,0,0,1,0,E3C,XX,0,,N/A,,,1335,5,100,0,,[]
18-ROSE-FCI-10-42,ROSETTE FLORALE CARRE INTERIEUR 1 PATTE FINI ETAIN,CHANTIER,1415,0,0,450,3.14444444,BOX 7,XX,0,,N/A,,,1336,5,100,0,,[]
18-ROSE-FCI-20-42,ROSETTE FLORALE CARRE INTERIEUR 2 PATTE FINI ETAIN,CHANTIER,698,0,0,450,1.55111111,BOX 14,XX,0,,N/A,,,1337,5,100,0,,[]
18-ROSE-FCI-30-42,ROSETTE FLORALE CARRE INTERIEUR 3 PATTE FINI ETAIN,CHANTIER,710,0,0,450,1.57777778,"BOX 7, BOX 14",XX,0,,N/A,,,1338,5,100,0,,[]
18-ROSE-FCI-40-42,ROSETTE FLORALE CARRE INTERIEUR 4 PATTE FINI ETAIN,CHANTIER,261,0,0,450,0.58,BOX 14,XX,0,,N/A,,,1339,5,100,0,,[]
18-ROSE-FCI-05-42,ROSETTE FLORALE CARRE INTERIEUR CLE FINI ETAIN,CHANTIER,215,0,0,450,0.47777778,"BOX 4, BOX 14",XX,0,,N/A,,,1340,5,100,0,,[]
LGOIR-METAL13,"ROD S/S 1/2 x 5""",CHANTIER,0,0,0,1,0,E3C,XX,0,,N/A,,,1341,5,100,0,,[]
LGOIR-METAL14,ROULEAUX DE STRAP METAL 3/4 X 020 12 CL SKID (MODEL NUMBER S-826),CRATAGE,7,0,0,1,7,CRATAGE,XX,0,,N/A,,,1342,5,100,0,,[]
18-ROSE-FCI-20-05,ROSETTE FLORAL CARRE INTERIEUR CHAMPAGNE 2 PATTES,CHANTIER,96,0,0,450,0.21333333,BOX 3,XX,0,,N/A,,,1343,5,100,0,,[]
18-ROSE-FCI-40-05,ROSETTE FLORAL CARRE INTERIEUR CHAMPAGNE 4 PATTES,CHANTIER,43,0,0,450,0.09555556,BOX 3,XX,0,,N/A,,,1344,5,100,0,,[]
18-ROSE-PCI-00-40,ROSETTE PYRAMIDAL NATUREL 0 PATTES,CHANTIER,2750,0,0,450,6.11111111,"BOX 1, BOX 10, BOX 11",XX,0,,N/A,,,1345,5,100,0,,[]
18-ROSE-PCI-00-41,ROSETTE PYRMIDAL 0 PATTES ANTIQUE BRONZE,CHANTIER,428,0,0,450,0.95111111,BOX 6,XX,0,,N/A,,,1346,5,100,0,,[]
18-ROSE-PCI-05-40,ROSETTE PYRAMIDAL NATUREL CLE,CHANTIER,6122,0,0,450,13.6044444,"BOX 1, BOX 2, BOX 6",XX,0,,N/A,,,1347,5,100,0,,[]
18-ROSE-PCI-05-41,ROSETTE PYRAMIDAL FINI ANTIQUE BRONZE CLE,CHANTIER,110,0,0,450,0.24444444,BOX 4,XX,0,,N/A,,,1348,5,100,0,,[]
18-ROSE-PCI-05-42,ROSETTE PYRAMIDAL FINI ETAIN CLE,CHANTIER,622,0,0,450,1.38222222,BOX 8,XX,0,,N/A,,,1349,5,100,0,,[]
18-ROSE-PCI-10-40,ROSETTE PYRAMIDAL NATUREL 1 PATTE,CHANTIER,2638,0,0,450,5.86222222,"BOX 1, BOX 10",XX,0,,N/A,,,1350,5,100,0,,[]
18-ROSE-PCI-10-41,ROSETTE PYRAMIDAL FINI ANTIQUE BRONZE 1 PATTE,CHANTIER,424,0,0,450,0.94222222,BOX 6,XX,0,,N/A,,,1351,5,100,0,,[]
18-ROSE-PCI-10-42,ROSETTE PYRAMIDAL FINI ETAIN 1 PATTE,CHANTIER,547,0,0,450,1.21555556,BOX 8,XX,0,,N/A,,,1352,5,100,0,,[]
18-ROSE-PCI-20-40,ROSETTE PYRAMIDAL NATUREL 2 PATTES,CHANTIER,3413,0,0,450,7.58444444,"BOX 1, BOX 40, BOX 44",XX,0,,N/A,,,1353,5,100,0,,[]
18-ROSE-PCI-20-41 (E81012 2P),ROSETTE PYRAMIDAL FINI ANTIQUE BRONZE 2 PATTES,CHANTIER,5043,0,0,450,11.2066667,"BOX 6, BOX 12, BOX 35",XX,0,,N/A,,,1354,5,100,0,,[]
18-ROSE-PCI-20-42,ROSETTE PYRAMIDAL FINI ETAIN 2 PATTES,CHANTIER,945,0,0,450,2.1,"BOX 8, BOX 9, MON BURAEU",XX,0,,N/A,,,1355,5,100,0,,[]
18-ROSE-PCI-30-40,ROSETTE PYRAMIDAL NATUREL 3 PATTES,CHANTIER,2878,0,0,450,6.39555556,"BOX 1, BOX 6, BOX 10",XX,0,,N/A,,,1356,5,100,0,,[]
18-ROSE-PCI-30-41,ROSETTE PYRAMIDAL FINI ANTIQUE BRONZE 3 PATTES,CHANTIER,273,0,0,450,0.60666667,OUTSIDE BOX 6,XX,0,,N/A,,,1357,5,100,0,,[]
18-ROSE-PCI-30-42,ROSETTE PYRAMIDAL FINI ETAIN 3 PATTES,CHANTIER,497,0,0,450,1.10444444,BOX 8,XX,0,,N/A,,,1358,5,100,0,,[]
18-ROSE-PCI-40-40,ROSETTE PYRAMIDAL NATUREL 4 PATTES,CHANTIER,3382,0,0,450,7.51555556,"BOX 1, BOX 40",XX,0,,N/A,,,1359,5,100,0,,[]
18-ROSE-PCI-40-41 (E81012 4P),ROSETTE PYRAMIDAL FINI ANTIQUE BRONZE 4 PATTES,CHANTIER,6155,0,0,450,13.6777778,"BOX 17, BOX 34",XX,0,,N/A,,,1360,5,100,0,,[]
18-ROSE-PCI-40-42,ROSETTE PYRAMIDAL FINI ETAIN 4 PATTES,CHANTIER,235,0,0,450,0.52222222,BOX 8,XX,0,,N/A,,,1361,5,100,0,,[]
B455.40.30.N (2 PATTES AB),ROSETTE SPECIAL PESSANT FINI ANTIQUE BRONZE 2 PATTES,CHANTIER,454,0,0,450,1.00888889,BOX 11,XX,0,,N/A,,,1362,5,100,0,,[]
B455.40.40.N��� (18-ROSE-FCI-05-41),ROSETTE FLORAL ANCIENE,CHANTIER,1051,0,0,450,2.33555556,BOX 4(1051),XX,0,,N/A,,,1363,5,100,0,,[]
B455.40.50.N,ROSETTE ANGULAR,CHANTIER,281,0,0,450,0.62444444,BOX 11,XX,0,,N/A,,,1364,5,100,0,,[]
B456.35.00.N,ROSETTE DE CRYPT TORCHE CARREE BRONZE,CHANTIER,509,0,0,450,1.13111111,BOX 4,XX,0,,N/A,,,1365,5,100,0,,[]
BJ1125 (E-81003),ROSETTE RONDE,CHANTIER,2097,0,0,1000,2.097,"BOX 4, CONTAINEUR CHANTIER",XX,0,,N/A,,,1366,5,100,0,,[]
BJ1128 (E-81011),ROSETTE RONDE,CHANTIER,12580,0,0,1000,12.58,"BOX 4,  BOX 7, CONTAINEUR CHANTIER",XX,0,,N/A,,,1367,5,100,0,,[]
LGOIR-TAPE88101,ROULEAU DE TAPE BLEU DE LEDS,ELECTRIQUE,1,0,0,1,1,ARMOIRE AVEC CLE,XX,0,,N/A,,,1368,5,100,0,,[]
LGOIR-VISFIN Desormeau Vbpcz100075,"VIS A BOIS T. PLATE. PR. CARREE ZINC # 10-13 X 3/4""",FINITION,11330,0,0,6250,1.8128,E4C,XX,0,,N/A,,,1369,5,100,0,,[]
DR55.40.05 YVES L�GAR�,ROSETTE YVES L�GAR�,CHANTIER,1493,0,0,450,3.31777778,BOX 11,XX,0,,N/A,,,1370,5,100,0,,[]
DRB1012.10BRZ (C81012.1P),ROSETTE,CHANTIER,82,0,0,450,0.18222222,BOX 4,XX,0,,N/A,,,1371,5,100,0,,[]
DSUPPORTALU.���,ROSETTE,CHANTIER,451,0,0,450,1.00222222,BOX 2,XX,0,,N/A,,,1372,5,100,0,,[]
DSUPPORTTYPE2.����,ROSETTE SUPPORT,CHANTIER,432,0,0,450,0.96,BOX 2,XX,0,,N/A,,,1373,5,100,0,,[]
E81011.PV,ROSETTE DE CRYPT,CHANTIER,159,0,0,450,0.35333333,BOX 4,XX,0,,N/A,,,1374,5,100,0,,[]
SB81003,ROSETTE?,CHANTIER,1711,0,0,450,3.80222222,BOX 7,XX,0,,N/A,,,1375,5,100,0,,[]
LGOIR-WIRE1,ELECTRIQUE LLS,CHANTIER/ELECTRIQUE,0,0,0,1,0,"BOX 15,  BOX 16, BOX 24, BOX 29",XX,0,,N/A,,,1376,5,100,0,,[]
LGOIR-REVOLUTION / SPARE2,DISQUE A ABRASIF 80+,USINE,50,0,0,50,1,"ARMOIRE AVEC CLE,DESK",XX,0,,GRAINGER,,,1377,5,100,0,,[]
LGOIR-SAFETY / TOOL16,KNEELING MAT,USINE,5,0,0,1,5,X,XX,0,,N/A,,,1378,5,100,0,,[]
LGOIR-PLASTIC / ACCESORY4,LITTLE BROWN PLASTIC PLUG,CHANTIER,933,0,0,993,0.93957704,E6R,XX,0,,N/A,,,1379,5,100,0,,[]
LGOIR-PLASTIC/ ACCESORY5,LITTLE BLACK PLASTIC PLUG,CHANTIER,8787,0,0,5000,1.7574,E6R,XX,0,,N/A,,,1380,5,100,0,,[]
LGOIR-PLASTIC / ACCESORY6,LITTLE GRAY PLASTIC PLUG,CHANTIER,950,0,0,950,1,E6R,XX,0,,N/A,,,1381,5,100,0,,[]
LGOIR-PLASTIC / ACCESORY7,LITTLE GREEN PLASTIC PLUG,CHANTIER,900,0,0,900,1,E6R,XX,0,,N/A,,,1382,5,100,0,,[]
LGOIR-PLASTIC / ACCESORY8,LITTLE RED PLASTIC PLUG,CHANTIER,1620,0,0,950,1.70526316,E6R,XX,0,,N/A,,,1383,5,100,0,,[]
LGOIR-PLASTIC/ ACCESORY9,DUCT TAPE GRIS 24mm,USINE,6,0,0,1,6,E5C,XX,0,,N/A,,,1384,5,100,0,,[]
18-JUMP-COU-01-SE,"JUMPER COURT - 1""",CHANTIER/ELECTRIQUE,594,0,0,500,1.188,ARMOIRE DU M. ELECTRIQUE,XX,0,,SEP,Waiting,,1385,5,100,0,,[]
18-FOMT-14S-37-NO,"FOAMTAPE 1/4"" X 9/32 X 37.5'",EXTRUSION,109237,0,0,2400,45.5154167,E6C,XX,0,,N/A,,,1386,5,100,0,,[]
18-FDMD-008-20-SE /FD-8-20-B-MM,"BULLET CONNECTOR MOLEX COURT -8""",EXTRUSION/ELECTRIQUE,52,0,0,50,1.04,ARMOIRE DU M. ELECTRIQUE,XX,0,,N/A,,,1387,5,100,0,,[]
18-FDMD-024-20-SE/ FD-20-20-B-MM,"BULLET CONNECTOR MOLEX LONG- 24""",FINITION/ELECTRIQUE,131,0,0,1,131,ARMOIRE DU M. ELECTRIQUE,XX,0,,N/A,,,1388,5,100,0,,[]
LGOIR-PROTECTION /PLASTIC11,HEADGEAR WITH FACESHIELD/CASQUE ET VISIERE,USINE,13,0,0,1,13,X,XX,0,,N/A,,,1389,5,100,0,,[]
LGOIR-PLASTIC10,CACHE FILS ROND 5',USINE/CHANTIER,18.6125,0,0,1,18.6125,X,XX,0,,N/A,46097,,1390,5,100,0,,[]
18-FILY-COU-04-NO,"FILS ""Y"" - 4""-6""- RONDELLE",CHANTIER/ELECTRIQUE,25,0,0,1,25,ARMOIRE DU M. ELECTRIQUE,XX,0,,N/A,,,1391,5,100,0,,[]
18-FILY-MED-12-NO,"FILS ""Y"" -12"" -12"" - NICHE CONCAVE OU DIAMANT",CHANTIER/ELECTRIQUE,95,0,0,1,95,ARMOIRE DU M. ELECTRIQUE,XX,0,,N/A,,,1392,5,100,0,,[]
18-FILY-LON-18-NO,"FILS ""Y"" -18""-34""-NICHE A COTE D'ACLOVE",CHANTIER/ELECTRIQUE,14,0,0,1,14,ARMOIRE DU M. ELECTRIQUE,XX,0,,N/A,,,1393,5,100,0,,[]
18-FDFF-012-18-SE/ FD-12S-18-MF-11,"CONNECTEUR VERTICAL MOLEX 11 SORTIES @12""(HARNESS)",CHANTIER/ELECTRIQUE,84,0,0,1,84,ARMOIRE DU M. ELECTRIQUE,XX,0,,SEP,46119,,1394,5,100,0,,[]
18-FDMF-144-18-SE /FD-144-18-MM-MF,"LEAD MOLEX- 12'-0"" (144"")",CHANTIER,119,0,0,1,119,ARMOIRE DU M. ELECTRIQUE,XX,0,,SEP,46119,,1395,5,100,0,,[]
LGOIR-DRILL3,MECHE 29,USINE,39,0,0,1,39,ARMOIRE AVEC CLE,XX,0,,N/A,,,1396,5,100,0,,[]
18-FDFF-112-18-SE14,"CONNECTEUR VERTICAL MOLEX 14 SORTIES @12""",CHANTIER/ELECTRIQUE,1,0,0,1,1,ARMOIRE DU M. ELECTRIQUE,XX,0,,N/A,,,1397,5,100,0,,[]
LGOIR-WIRE2,CLASS 2 TRANSFORMER(PETITES BOITES BLANCHES),CHANTIER/ELECTRIQUE,1,0,0,1,1,ARMOIRE DU M. ELECTRIQUE,XX,0,,N/A,,,1398,5,100,0,,[]
LGOIR-PROTECTION /PLASTIC12,FACESHIELD/VISIERE,USINE,22,0,0,1,22,ARMOIRE EN BOIS,XX,0,,N/A,,,1399,5,100,0,,[]
LGOIR-METAL15,"ROD S/S 1/2"" X 11""",CHANTIER,3,0,0,1,3,E2C,XX,0,,N/A,,,1400,5,100,0,,[]
LGOIR-DRILL4,IMPACT BIT SQUARE SQ2,USINE,43,0,0,1,43,ARMOIRE AVEC CLE,XX,0,,N/A,,,1401,5,100,0,,[]
LGOIR-PINCE1,QUICK ADJUST WIRE STRIPPER,USINE,4,0,0,1,4,ARMOIRE AVEC CLE,XX,0,,N/A,,,1402,5,100,0,,[]
LGOIR-TAPE9,TAPE  DE ETIQUETE FRAGILE,USINE,1,0,0,1,1,ARMOIRE AVEC CLE,XX,0,,N/A,,,1403,5,100,0,,[]
LGOIR-LITT1251,LOCK WASHERS 3/4 RONDELLES RESSORT,CHANTIER,24,0,0,1,24,BOITE TRANSPARENT PLASTIQUE CONT CHANTIER,XX,0,,N/A,,,1404,5,100,0,,[]
LGOIR-ACCESORY/SPARE,NUTSET WITH MAGNET 5/16 X 1-7/8,FINITION,17,0,0,1,17,ARMOIRE AVEC CLE,XX,0,,N/A,,,1405,5,100,0,,[]
LGOIR-PINCE2,PINCE A COUPER DES FILS/WIRE CUTTERS,USINE/ELECTRIQUE,4,0,0,1,4,ARMOIRE AVEC CLE,XX,0,,N/A,,,1406,5,100,0,,[]
LGOIR-PINCE3,"4-1/2"" LONG NOSE PLIER",USINE,1,0,0,1,1,ARMOIRE AVEC CLE T3,XX,0,,N/A,,,1407,5,100,0,,[]
LGOIR-DRILL/SPARE5,MECHE 7/32,USINE,24,0,0,1,24,ARMOIRE AVEC CLE,XX,0,,N/A,,,1408,5,100,0,,[]
LGOIR-TOOL17,DEBURRING SYSTEM,USINE,12,0,0,1,12,ARMOIRE AVEC CLE,XX,0,,N/A,,,1409,5,100,0,,[]
LGOIR-WIRE3,ANCIEN TRANSFO MARCUS MC150B 150VA 60Hz,ELECTRIQUE,3,0,0,1,3,ARMOIRE SANS CLE,XX,0,,N/A,,,1410,5,100,0,,[]
LGOIR-TOOL18,GUN A SILICONE,USINE,2,0,0,1,2,ARMOIRE AVEC CLE,XX,0,,N/A,,,1411,5,100,0,,[]
LGOIR-DRILL/SPARE6,IMPACT BIT SQUARE SQ3,USINE,42,0,0,2,21,ARMOIRE AVEC CLE,XX,0,,N/A,,,1412,5,100,0,,[]
18-BAKH-024-01,CROCHET DE ALUMINIUM,ASSEMBLAGE,1138,0,0,25,45.52,BOX 23,XX,0,,MMS,46087,,1413,5,100,0,,[]
18-FGRI-LON-MF-GR,ROULEAUX DE FILS ELECTRIQUE,USINE/ELECTRIQUE,104146,0,0,5905,17.6369179,ARMOIRE DU M. ELECTRIQUE,XX,0,,N/A,,,1414,5,100,0,,[]
LGOIR-WIRE5,"CONNECTEUR VERTICAL MOLEX  22 SORTIES @12""(HARNESS)",CHANTIER/ELECTRIQUE,1,0,0,1,1,ARMOIRE DU M. ELECTRIQUE,XX,0,,N/A,,,1415,5,100,0,,[]
FD-125-18-MF-100/ 18-FDFF-112-18-SE,"CONNECTEUR VERTICAL MOLEX 100 SORTIES @12""(HARNESS)",CHANTIER/ELECTRIQUE,-0.88,0,0,1,-0.88,ARMOIRE DU M ELECTRIQUE,XX,0,,SEP,,,1416,5,100,0,,[]
LGOIR-LITTLE PIECE8 Desormeau 6scocn8320038,#8-32 UNC X 3/8 VIS D'ARRET A 6 P/C PTE CONIQUE NOIR,EXTRUSION,5000,0,0,1000,5,ARMOIRE AVEC CLE,XX,0,,N/A,,,1417,5,100,0,,[]
LGOIR-PROTECTION13,GANTS BLEU NITRILE/ BLUE NITRILE GLOVES MEDIUM,USINE,85,0,0,25,3.4,ARMOIRE SANS CLE,XX,0,,N/A,,,1418,5,100,0,,[]
LGOIR-UNION-12-MM,"RALLONGE DE TRASNFO 12"" M-M",CHANTTIER/ELECTRIQUE,0,0,0,1,0,ARMOIRE DU M. ELECTRIQUE,XX,0,,N/A,,,1419,5,100,0,,[]
LGOIR-TOOL19,SILVER BLACK CENTER PUNCHWITH TIPS,USINE,3,0,0,1,3,ARMOIRE SANS CLE,XX,0,,N/A,,,1420,5,100,0,,[]
LGOIR-GLUE1,WOOD GLUE- COLLE A BOIS 150 ML,USINE,1,0,0,1,1,ARMOIRE SANS CLE,XX,0,,N/A,,,1421,5,100,0,,[]
LGOIR-GLUE2,SUPER GLUE - SUPER COLLE 20 ML,USINE,4,0,0,1,4,ARMOIRE SANS CLE,XX,0,,N/A,,,1422,5,100,0,,[]
LGOIR-LITTLE PIECE9,"#8-32 UNC X 0.217"" SHORT LGT BRASS PLAIN (REPARATION D'EXTRUTION)",USINE/EXTRUTION,700,0,0,100,7,ARMOIRE AVEC CLE,XX,0,,N/A,,,1423,5,100,0,,[]
LGOIR-DRILL/SPARE7,MECHE 1/8,USINE,0,0,0,1,0,DESK,XX,0,,N/A,,,1424,5,100,0,,[]
LGOIR-DRILL/SPARE8,MECHE LONG 1/4,USINE,3,0,0,1,3,ARMOIRE SANS CLE,XX,0,,N/A,,,1425,5,100,0,,[]
LGOIR-DRILL/SPARE9,MECHE 10-24 UNC H3 2 FLUTE DRILL'N'TAP,USINE,30,0,0,1,30,ARMOIRE AVEC CLE,XX,0,,N/A,,,1426,5,100,0,,[]
LGOIR-DRILL/SPARE10,MECHE BLUE WIZARD 10-24,USINE,5,0,0,1,5,ARMOIRE SANS CLE,XX,0,,N/A,,,1427,5,100,0,,[]
LGOIR-DRILL/SPARE11,MECHE ANSI STUB DRILL # 25,USINE,26,0,0,1,26,ARMOIRE SANS CLE,XX,0,,N/A,,,1428,5,100,0,,[]
LGOIR-DRILL/SPARE12,TAP MECHE BLUE MERLIN 8-32,USINE,24,0,0,1,24,ARMOIRE SANS CLE,XX,0,,McMASTER,46093,,1429,5,100,0,,[]
LGOIR-DRILL/SPARE13,TAP MECHE BLUE MERLIN 10-24,USINE,19,0,0,1,19,ARMOIRE SANS CLE,XX,0,,N/A,,,1430,5,100,0,,[]
LGOIR-DRILL/SPARE14,MECHE #8-32 UNC H3 2 FLUTE DRILL'N'TAP,USINE,20,0,0,1,20,ARMOIRE AVEC CLE,XX,0,,N/A,,,1431,5,100,0,,[]
LGOIR-DRILL/SPARE15,MECHE ANSI STUB DRILL # 29,USINE,42,0,0,1,42,ARMOIRE SANS CLE,XX,0,,N/A,,,1432,5,100,0,,[]
LGOIR-DRILL/SPARE16,"HSS SPIRAL POINT TAP 1/4""-20",USINE,6,0,0,1,6,ARMOIRE SANS CLE,XX,0,,N/A,,,1433,5,100,0,,[]
LGOIR-DRILL/SPARE17,TAP MECHE BLUE MERLIN 1/4-20,USINE,4,0,0,1,4,ARMOIRE SANS CLE,XX,0,,N/A,,,1434,5,100,0,,[]
LGOIR-SCIE/SPARE7,BI-METAL JIGSAW BLADES/LAMES DE SCIE SAUTEOUSE BIMETALLIQUES,USINE,3,0,0,1,3,ARMOIRE SANS CLE,XX,0,,N/A,,,1435,5,100,0,,[]
LGOIR-DRILL/SPARE18,# 29 HSS JOBBER DRILL(PLUS LONG),USINE,2,0,0,1,2,ARMOIRE SANS CLE,XX,0,,N/A,,,1436,5,100,0,,[]
LGOIR-DRILL/SPARE19,5/16 HSS JOBBER DRILL SPLIT POINT BLACK AND GOLD,USINE,10,0,0,1,10,ARMOIRE SANS CLE,XX,0,,N/A,,,1437,5,100,0,,[]
LGOIR-DRILL/SPARE20,MECHE 27,USINE,12,0,0,1,12,ARMOIRE SANS CLE,XX,0,,N/A,,,1438,5,100,0,,[]
LGOIR-DRILL/SPARE21,HSS DRILL FORET 7/32,USINE,1,0,0,1,1,ARMOIRE SANS CLE,XX,0,,N/A,,,1439,5,100,0,,[]
LGOIR-DRILL/SPARE22,"MECHE BOSCH 1/8"" GOLD",USINE,1,0,0,1,1,ARMOIRE SANS CLE,XX,0,,N/A,,,1440,5,100,0,,[]
LGOIR-DRILL/SPARE23,"MECHE BOSCH 5/64""",USINE,1,0,0,1,1,ARMOIRE SANS CLE,XX,0,,N/A,,,1441,5,100,0,,[]
LGOIR-TOOL20,ALLEN KEYS,USINE,9,0,0,1,9,ARMOIRE SANS CLE,XX,0,,N/A,,,1442,5,100,0,,[]
LGOIR-DRILL24,COBALT JOBBER DRILL SPLIT POINT BLACK AND GOLD # 36,USINE,0,0,0,1,0,ARMOIRE SANS CLE,XX,0,,N/A,,,1443,5,100,0,,[]
LGOIR-SPARE1,SNAP-OFF BLADES/LAMES SECABLES,USINE,180,0,0,20,9,ARMOIRE SANS CLE,XX,0,,N/A,,,1444,5,100,0,,[]
LGOIR-TOOL21,TAPE MESURE & SPEED TAPE,USINE,4,0,0,1,4,ARMOIRE SANS CLE,XX,0,,N/A,,,1445,5,100,0,,[]
LGOIR-TOOL22,SUCE NOIR(VENTOUSE),USINE,46,0,0,1,46,ARMOIRE SANS CLE,XX,0,,N/A,,,1446,5,100,0,,[]
LGOIR-TOOL23,WIRE STRIPPING TOOL,USINE,1,0,0,1,1,ARMOIRE SANS CLE,XX,0,,N/A,,,1447,5,100,0,,[]
LGOIR-TOOL24,SNAP RING PLIERS SET/JEU DE PINCES POUR ANNEAUX DE RETENU,USINE,1,0,0,1,1,ARMOIRE SANS CLE,XX,0,,N/A,,,1448,5,100,0,,[]
LGOIR-TOOL25,SPEED ROLLER,USINE,1,0,0,1,1,ARMOIRE SANS CLE,XX,0,,N/A,,,1449,5,100,0,,[]
LGOIR-ACCESORY1,DEBURRING BLADES,USINE,23,0,0,1,23,ARMOIRE SANS CLE,XX,0,,N/A,,,1450,5,100,0,,[]
LGOIR-DRILL/SPARE25,"ROUTER BIT/MECHE DE TOUPIE 3/8""",USINE,1,0,0,1,1,ARMOIRE SANS CLE,XX,0,,N/A,,,1451,5,100,0,,[]
LGOIR-DRILL/SPARE26,FRAISE A DEBOURER,USINE,6,0,0,1,6,ARMOIRE SANS CLE,XX,0,,N/A,,,1452,5,100,0,,[]
LGOIR-DRILL/SPARE27,MECHE # 28,USINE,1,0,0,1,1,ARMOIRE SANS CLE,XX,0,,N/A,,,1453,5,100,0,,[]
LGOIR-LUBRICANT 3,LUBRICANT/PENETRANT WD-40,USINE,2,0,0,1,2,ARMOIRE SANS CLE,XX,0,,N/A,,,1454,5,100,0,,[]
LGOIR-WIRE7,ANCIEN TRANSFO WA-110 10 AMP 4 TWIN PLUG 110/24,ELECTRIQUE,1,0,0,1,1,ARMOIRE SANS CLE,XX,0,,N/A,,,1455,5,100,0,,[]
LGOIR-WIRE8,ANCIEN TRANSFO WA-110 10AMP 120/24,ELECTRIQUE,1,0,0,1,1,ARMOIRE SANS CLE,XX,0,,N/A,,,1456,5,100,0,,[]
LGOIR-LITTLE PIECE10,#10 -24 X 3/8 VIS D'ARRET PTE PLAT,EXTRUSION,500,0,0,100,5,ARMOIRE AVEC CLE,XX,0,,N/A,,,1457,5,100,0,,[]
LGOIR-LITTLE PIECE11,"#10-24 UNC X 1"" VIS MACHINE T. RONDE COMBINEE/CARREE ZINC",EXTRUSION,5000,0,0,100,50,E5C,XX,0,,N/A,,,1458,5,100,0,,[]
LGOIR-LITTLE PIECE12,#10-24X 3/8 POINT CONIQUE VIS D'ARRET,EXTRUSION,3500,0,0,1,3500,ARMOIRE AVEC CLE,XX,0,,N/A,,,1459,5,100,0,,[]
LGOIR-LITTLE PIECE13 Desormeau VMPCZ10240050,#10-24 UNC X 1/2 VIS MACHINE T. PLATE CARREE ZINC,EXTRUSION,1500,0,0,1,1500,ARMOIRE AVEC CLE,XX,0,,N/A,,,1460,5,100,0,,[]
LGOIR-LITTLE PIECE14,#10-24 UNC X 3/4 VIS MACHINE T.PLATE CARRE ZINC,EXTRUSION,1000,0,0,1,1000,ARMOIRE AVEC CLE,XX,0,,N/A,,,1461,5,100,0,,[]
LGOIR-LITTLE PIECE15  Desormeau 6SCOCN8320025,#8-32 UNC X 1/4 VIS D'ARRET PTE CONIQUE NOIR,EXTRUSION,5000,0,0,1,5000,ARMOIRE AVEC CLE,XX,0,,N/A,,,1462,5,100,0,,[]
LGOIR-LITTLE PIECE16,10-24 LOCK NUT GR 5 ZC,FINITION,377,0,0,1,377,ARMOIRE AVEC CLE,XX,0,,N/A,,,1463,5,100,0,,[]
LGOIR-OLD1,"JOINT CONNECTOR BOLT-LOW PROFILE HEAD WITH SHOULDER (5mm HEX DRIVE) 1/4""-20 UNC THREAD X 40mm LGTH UNDER HEAD, STEEL BLACK OXIDE FINISH(SEE THROUG A L'ANCIENNE)",SPECIAL,215,0,0,1,215,BOITE TRANSPARENT PLASTIQUE CONT CHANTIER,XX,0,,N/A,,,1464,5,100,0,,[]
LGOIR-LITTLE PIECE17,NUT 8-32,FINITION,500,0,0,1,500,ARMOIRE AVEC CLE,XX,0,,N/A,,,1465,5,100,0,,[]
LGOIR-LITTLE PIECE 29442,VIS 8-32 X 5/8 MECHANIQUE MS ETOILE TETE PLAT / PHILLIPS DRIVE FLAT HEAD ZINC STEEL MACHINE  SCREW  29442,USINE,500,0,0,1000,0.5,ARMOIRE AVEC CLE,XX,0,,FASTEANL,46078,,1466,5,100,0,,[]
LGOIR-LITTLE PIECE19,#10-24 UNC X 7/16 VIS D'ARRET A 6 P/C PTE CONIQUE NOIR,EXTRUSION,800,0,0,1,800,ARMOIRE AVEC CLE,XX,0,,N/A,,,1467,5,100,0,,[]
LGOIR-LITTLE PIECE20,10-24 X3/8 POINTE PLAT VIS D'ARRET,EXTRUSION,500,0,0,1,500,ARMOIRE AVEC CLE,XX,0,,N/A,,,1468,5,100,0,,[]
LGOIR-SPARES/CARPENTEER6,"16 GAUGE GALV CHISEL POINT MEDIUM CROWN STAPLES 7/16""(11mm) 1-1/2"" LENGTH(38mm).",CRATAGE,60000,0,0,10000,6,"G,CRATAGE",XX,0,,N/A,,,1469,5,100,0,,[]
LGOIR-TAPE10,ACRYLIC ADHESIVE TAPE( BOXING TAPE),USINE,148,0,0,36,4.11111111,J,XX,0,,N/A,,,1470,5,100,0,,[]
18-ROSE-SUP-T1-40,SUPPORT  ROSETTE EXTERIEURE T1 FINI NATUREL,CHANTIER/USINE,13093,0,0,1,13093,E1R,XX,0,,N/A,,,1471,5,100,0,,[]
18-ROSE-SUP-T4-40,ROSETTE SUPPORT ALUMINIUM(EXTRUSION MACHINEE),CHANTIER/USINE,1207,0,0,1,1207,"E3R, BOX 18 BIN 2(411)",XX,0,,N/A,,,1472,5,100,0,,[]
LGOIR-TOOL26,MINI BOLT CUTTER/MINI COUPE-BOULON,USINE,1,0,0,1,1,ARMOIRE SANS CLE,XX,0,,N/A,,,1473,5,100,0,,[]
LGOIR-WIRE9,YELLOW JACKET EXTENSION DE COURANT DE 6 PRISES,ELECTRIQUE,1,0,0,1,1,ARMOIRE DU M. ELECTRIQUE,XX,0,,N/A,,,1474,5,100,0,,[]
LGOIR-SPARE2,FILTRE POUR ASPIRATEURS,USINE,9,0,0,2,4.5,ARMOIRE DU M. ELECTRIQUE,XX,0,,N/A,,,1475,5,100,0,,[]
LGOIR-WIRE10,"CONNECTEUR VERTICAL MOLEX 10 SORTTIES @ 14""",ELECTRIC,9,0,0,1,9,ARMOIRE DU M. ELECTRIQUE,XX,0,,N/A,,,1476,5,100,0,,[]
LGOIR-PACKING4,ROULEAUX DE CARTON ONDULE/CORRUGATED CARDBOARD ROLL,USINE,2,0,0,1,2,"CONTAINER DU FOND, CRATAGE",XX,0,,ULINE,46086,,1477,5,100,0,,[]
LGOIR-INK,TOUCH UP LIGHT BRONZE,USINE,10,0,0,1,10,KEITH'S OFFICE,XX,0,,N/A,,,1478,5,100,0,,[]
FD-12S-18-MF-05/ 18-FDFF-112-18-SE,"CONNECTEUR VERTICAL MOLEX 5 SORTIES @ 12""",ELECTRIQUE,2,0,0,1,2,ARMOIRE DU M. ELECTRIQUE,XX,0,,N/A,,,1479,5,100,0,,[]
LGOIR-LIQUID14,CLAIRE DUST UP( DUST MOP TREATMENT /TRAITEMENT POUR VADROUILLES,USINE,7,0,0,1,7,ARMOIRE SANS CLE,XX,0,,N/A,,,1480,5,100,0,,[]
LGOIR-PASTE20,KWIK SEAL ADHESIVE CAULK/CALFEURANT ADHESIF WHITE/BLANC,USINE,2,0,0,1,2,ARMOIRE SANS CLE,XX,0,,N/A,,,1481,5,100,0,,[]
LGOIR-LIQUID 15,JIG-A -LOO LUBRIFIANT TOUT USAGE/ ALL AROUND LUBRIFIANT,USINE/CHANTIER,13,0,0,1,13,"ETOPC,ARMOIRE SANS CLE",XX,0,,N/A,,,1482,5,100,0,,[]
LGOIR-BETON/MARBLE12,"WEDGE BOLT 1/2""-13X2-3/4""",CHANTIER,8,0,0,1,8,E6L,XX,0,,N/A,,,1483,5,100,0,,[]
LGOIR-BETON/MARBLE13,"MANCHON ANCRAGE 1/2-13X2""",CHANTIER,3,0,0,1,3,CONTAINER CHANTIER,XX,0,,N/A,,,1484,5,100,0,,[]
LGOIR-BETON/MARBLE14,"OUTIL INSTAL ANCRAGES PROFONDS 1/2""",CHANTIER,1,0,0,1,1,CONTAINER CHANTIER,XX,0,,N/A,,,1485,5,100,0,,[]
LGOIR-PROTECTION14,CUT RESISTANT  HPPE SLEEVE BLACK/MANCHES DE PROTECTION NOIR,USINE,14,0,0,1,14,ETOPC,XX,0,,N/A,,,1486,5,100,0,,[]
LGOIR-PROTECTION15,CUT RESISTANT  SLEEVE WHITE/MANCHES DE PROTECTION BLANCHES,USINE,160,0,0,40,4,ETOPC,XX,0,,N/A,,,1487,5,100,0,,[]
LGOIR-PACKING5,"ROULEAUX DE FILM DE POLYETHYLENE RENFORCE� 6 mil, 20 pi x 100 pi",CRATAGE,8,0,0,1,8,CRATAGE,XX,0,,ULINE,Waiting,,1488,5,100,0,,[]
LGOIR-PLASTIC/ACCESORY11,BLACK BTN PLUG,USINE,18660,0,0,5000,3.732,ETOPC,XX,0,,N/A,,,1489,5,100,0,,[]
LGOIR-SPARE/CARPENTEER7,WIRE WELD COIL NAILS/ CLOUS EN BOBINE N04-205P,CRATAGE,31500,0,0,4500,7,"G,CRATAGE",XX,0,,N/A,,,1490,5,100,0,,[]
LGOIR-LITTLE PIECE/PACKING21,STEEL STRAPPING SEALS  S-828 3/4 OPEN METAL SEALS,CRATAGE,5000,0,0,1000,5,G,XX,0,,N/A,,,1491,5,100,0,,[]
LGOIR-TOOL9910,POIGNEE DE DRILL,USINE,3,0,0,1,3,ARMOIRE AVEC CLE,XX,0,,N/A,,,1492,5,100,0,,[]
LGOIR-CARPEINTEER8,"PLYWOOD 3/4"" X 4' X 8'",CRATAGE/CHANTIER/USINE,25,0,0,1,25,CRATAGE,XX,0,,N/A,,,1493,5,100,0,,[]
LGOIR-CARPEINTEER9,"PLYWOOD 3/8""",FNINITON/CRETAGE,21,0,0,1,21,CRETAGE,XX,0,,LEFEBVRE ET BENOIT,46093,,1494,5,100,0,,[]
18-FEPL-408-58-GR,FEUILLES DE PLASTIQUE RECYCLE,CRATAGE,66,0,0,35,1.88571429,CRATAGE,XX,0,,N/A,,,1495,5,100,0,,[]
LGOIR-TOOL7710,"HIGH CONTRAST SQUARE 7""/EQUERRE A HAUT CONTRASTE 7""",USINE,1,0,0,1,1,ARMOIRE AVEC CLE,XX,0,,N/A,,,1496,5,100,0,,[]
18-TRAO-24V-5A-SE,TRANSFO LED 120W 24V 4 SORTIES (vieu connecteur),ELECTRIC,7,0,0,1,7,ARMOIRE DU M. ELECTRIQUE,XX,0,,N/A,,,1497,5,100,0,,[]
LGOIR-MISC1,"2"" X 75' WHITE VELCRO STRIPS HOOKS TAPE",ORGANIZATION,1,0,0,1,1,ARMOIRE DU M. ELECTRIQUE,XX,0,,N/A,,,1498,5,100,0,,[]
LGOIR-MISC2,BLACK STICKY BACK FASTENERS/ATTACHES AUTOCOLLANTES,ORGANIZATION,1,0,0,1,1,ARMOIRE DU M. ELECTRIQUE,XX,0,,N/A,,,1499,5,100,0,,[]
LGOIR-MISC3,TAPIS DE PROTECTION DE NICHE 11x11 NOIR,FINITION,10043,0,0,300,33.4766667,"ETOPC, CONTAINEUR AVEC RIDEAUX, BOX 22",XX,0,,N/A,,,1500,5,100,0,,[]
18-SNPB-VIS-XX-ZC,VIS A BOIS 10 X 5/8 TETE RONDE CARRE POUR SUPPORT NIVELEUR POUR BASE-VIS-MILL FINISH,CRATAGE,6352,0,0,8000,0.794,E5C,XX,0,,N/A,,,1501,5,100,0,,[]
LGOIR-LITTLE PIECE/SPARE22,MECHE 3MM/BIT 3MM,EXTRUSION,116,0,0,1,116,ARMOIRE AVEC CLE T2,XX,0,,N/A,,,1502,5,100,0,,[]
LGOIR-LITTLE PIECE/SPARE23,MECHE 2MM/BIT 2MM,EXTRUSION,90,0,0,1,90,ARMOIRE AVEC CLE T2,XX,0,,N/A,,,1503,5,100,0,,[]
LGOIR-LITTLE PIECE/SPARE24,"POWER BIT HEX 3/32"" , 2""",EXTRUSION,25,0,0,1,25,ARMOIRE SANS CLE,XX,0,,TENAQUIP,46101,,1504,5,100,0,,[]
LGOIR-LITTLE PIECE/SPARE25,MECHE TX-25,USINE,33,0,0,1,33,ARMOIRE SANS CLE,XX,0,,N/A,,,1505,5,100,0,,[]
LGOIR-LITTLE PIECE/SPARE26,MECHE-TX15,USINE,56,0,0,1,56,ARMOIRE SANS CLE,XX,0,,N/A,,,1506,5,100,0,,[]
LGOIR-CARPENTEER10,"VIS A BOIS # 8 X 5/8 T. PLATE, PR.CAR.ZINC",FINITION,1000,0,0,100,10,ARMOIRE AVEC CLE,XX,0,,N/A,,,1507,5,100,0,,[]
LGOIR-LITTLE PIECE27,#8-32 UNC X1/2 VIS MACHINE T. RONDE COMBINEE ZINC,FINITION,200,0,0,100,2,ARMOIRE AVEC CLE,XX,0,,N/A,,,1508,5,100,0,,[]
LGOIR-PACKING6,"ROULEAUX DE FILM DE POLYETHYLENE RENFORCE� 6 mil, 12 pi x 100 pi",CRATAGE,2,0,0,1,2,CRATAGE,XX,0,,ULINE,46086,,1509,5,100,0,,[]
LGOIR-SECURITY3,CADENAS/PADLOCKS 5KABLU/ KEY2126,CHANTIER,10,0,0,450,0.02222222,ARMOIRE AVEC CLE,XX,0,,N/A,,,1510,5,100,0,,[]
LGOIR-BAK,CROCHET DE ALUMINIUM HORS ACUMATICA,ASSEMBLAGE,2,0,0,450,0.00444444,E1R,XX,0,,N/A,,,1511,5,100,0,,[]
LGOIR-OUTSIDE1,SEL DEGLACANTE,USINE,32,0,0,0,0,DEHORS,XX,0,,N/A,,,1512,5,100,0,,[]
LGOIR-CLEANING,GUENILLES  DE LINGES,USINE,4,0,0,0,4,J,XX,0,,N/A,,,1513,5,100,0,,[]
LGOIR-DRILL28,21/64 HSS JOBBER DRILL SPLIT POINT BLACK AND GOLD,USINE,8,0,0,0,8,ARMOIRE SANS CLE,XX,0,,N/A,,,1514,5,100,0,,[]
18-ANGL-202-025-01,"Quincaillerie - Angle M�tal 90 degr�s - 2"" x 2"" x 1/2"" - Mill Finish",QUINCAILLERIE/EXTRUSION,1310,0,0,0,1310,BOX 18,XX,0,,N/A,,,1515,5,100,0,,[]
18-ANPB-075-XX-ZC,"CORNIERE DE METAL/ STEEL BRACKET / EQUERRE METAL 75mm x 75mm MILL FINISH(ZINC) 3"" X 3"" 8cm",QUINCAILLERIE,400,0,0,0,4,E3L,XX,0,,N/A,,,1516,5,100,0,,[]
18-ANPB-050-XX-ZC,"CORNIERE DE METAL/ STEEL BRACKET / EQUERRE METAL 50mm x 50mm MILL FINISH(ZINC) 2"" X 2"" 5cm",QUINCAILLERIE,600,0,0,0,6,E3L,XX,0,,N/A,,,1517,5,100,0,,[]
18-SNPB-080-XX-ZC,SUPPORT NIVELEUR POUR BASE-080mm-MILL FINISH(BASE TOP PATTES),QUINCAILLERIE,116,0,0,0,2.32,CRETAGE,XX,0,,N/A,,,1518,5,100,0,,[]
18-SNPB-100-XX-ZC,SUPPORT NIVELEUR POUR BASE-100mm-MILL FINISH(BASE TOP PATTES),QUINCAILLERIE,1396,0,0,0,27.92,CRETAGE,XX,0,,RICHELIEU,46099,,1519,5,100,0,,[]
18-SNPB-090-XX-ZC,SUPPORT NIVELEUR POUR BASE-090mm-MILL FINISH(BASE TOP PATTES),QUINCAILLERIE,490,0,0,0,9.8,CRETAGE,XX,0,,N/A,,,1520,5,100,0,,[]
18-ANGL-101-125-01,"ANGLE METAL 1"" X 1"" X 1/8"" MILL FINISH",QUINCAILLERIE,215,0,0,0,1.075,A1,XX,0,,MAGNA,,,1521,5,100,0,,[]
18-ANGL-151-125-01,"ANGLE METAL -1 1/2"" X 1 1/2"" X 1/8  MILL FINISH",QUINCAILLERIE,178,0,0,0,2.37333333,"A1, ATOP",XX,0,,N/A,,,1522,5,100,0,,[]
18-FOMT-38S-25-NO,"FOAMTAPE 3/8"" X 25'",EXTRUSION,6400,0,0,0,4,EXTRUSION,XX,0,,N/A,,,1523,5,100,0,,[]
18-STRP-003-10-01,"STRIPS DE DOS - 3"" X 10.0' MILL FINISH",QUINCAILLERIE,1138,0,0,0,1138,"BIN 1, CONTAINER AVEC PORTES",XX,0,,MMS,46097,,1524,5,100,0,,[]
18-TIGF-124-10-01,TIGE FILLETE - 10-24 X10.0' MILL FINISH,FINITION,144,0,0,0,2.88,"E1C,A COTE DE L'ESCALIER",XX,0,,FASTENAL,46085,,1525,5,100,0,,[]
LGOIR-PEINT1,FLITRE POUR CABINE DE PEINTURE/HOBBY AIRBRUSH BOOTH FILTER,FINITION,12,0,0,0,3,ETOPC,XX,0,,N/A,,,1526,5,100,0,,[]
18-VTRX-124-78-XX,"VIS TORX NATUREL 10-24 X 7/8""",CHANTIER,4000,0,0,0,1,BOX 19,XX,0,,N/A,,,1527,5,100,0,,[]
18-VTRX-124-12-XX,"VIS TORX NATUREL 10-24 X 1/2""",CHANTIER,0,0,0,0,0,X,XX,0,,N/A,,,1528,5,100,0,,[]
18-VCMC-124-78-02,"VIS CMC BRONZE 10-24 X 7/8""",CHANTIER,560,0,0,0,0.81277213,E1R,XX,0,,N/A,,,1529,5,100,0,,[]
18-VTRX-832-12-04,"VIS TORX MARBLE 8-32 X 1/2""",CHANTIER,508,0,0,0,7.36231884,E5C,XX,0,,N/A,,,1530,5,100,0,,[]
18-VTRX-124-78-04,"VIS TORX MARBLE 10-24 X 7/8""",CHANTIER,97,0,0,0,1,E5C,XX,0,,N/A,,,1531,5,100,0,,[]
18-VTRX-124-12-NO,"VIS TORX NOIR 10-24 X 1/2""",CHANTIER,10252,0,0,0,189.851852,BOX 21,XX,0,,N/A,,,1532,5,100,0,,[]
18-VTRX-832-12-02,VIS TORX BRONZE 8-32 X 1/2,CHANTIER,218,0,0,0,1,E5C,XX,0,,N/A,,,1533,5,100,0,,[]
18-VCMC-124-12-NO,"VIS CMC NOIR 10-24 X 1/2""",CHANTIER,5,0,0,0,1,E5C,XX,0,,N/A,,,1534,5,100,0,,[]
LGOIR-PROTECTION16,RUBAN POUR MARCHES,USINE/SAFETY,2,0,0,0,2,ARMOIRE AVEC CLE,XX,0,,N/A,,,1535,5,100,0,,[]
LGOIR-LITTLE PIECE28,"NUTSET WITH MAGNET 1/4"" X 5/8""",FINITION,32,0,0,0,6.4,ARMOIRE AVEC CLE,XX,0,,N/A,,,1536,5,100,0,,[]
LGOIR-VABO-8-3,VIS A BOIS 8 X 3',CRATAGE,1500,0,0,0,1,E1R,XX,0,,N/A,,,1537,5,100,0,,[]
18-ROSE-PCI-20-41-ANCIEN (DR81012.20BRZ),ROSETTE PYRAMIDAL FINI ANTIQUE BRONZE 2 PATTES COLEUR ANCIEN(SPECIAL),CHANTIER,68,0,0,0,0.15111111,OUTSIDE BOX 6,XX,0,,N/A,,,1538,5,100,0,,[]
18-ROSE-PCI-40-41-ANCIEN (DR81012.40BRZ),ROSETTE PYRAMIDAL FINI ANTIQUE BRONZE 4 PATTES COLEUR ANCIEN(SPECIAL),CHANTIER,305,0,0,0,0.67777778,BOX 6,XX,0,,N/A,,,1539,5,100,0,,[]
FD-12S-18-MF-10/ 18-FDFF-112-18-SE,"CONNECTEUR VERTICAL MOLEX 10 SORTIES @ 12""",ELECTRIQUE,2,0,0,0,2,ARMOIRE ELECTRIQUE,XX,0,,N/A,,,1540,5,100,0,,[]
LGOIR-ang-cha-coin 1,"ANGLE SUPPORT 2"" X 2"" FOR PLASTIC BASE (COIN VITRE)",CHANTIER,781,0,0,0,0.781,BOX 27,XX,0,,N/A,,,1541,5,100,0,,[]
LGOIR-DRILL2018,"DRILL AND COUNTER SINK  1/8""/MECHE AVEC FRAISE",USINE,0,0,0,0,0,DESK,XX,0,,N/A,,,1542,5,100,0,,[]
LGOIR-SPARE14,VIGIL LIGHT FILS SPARE,ELECTRIQUE,14,0,0,0,14,ARMOIRE ELECTRIQUE,XX,0,,N/A,,,1543,5,100,0,,[]
LGOIR-LITTLE PIECE91,"#10-24 UNC X .257"" SHORT LGT BRASS PLAIN (REPARATION D'EXTRUTION)",USINE/EXTRUTION,200,0,0,0,2,ARMOIRE AVEC CLE,XX,0,,N/A,,,1544,5,100,0,,[]
LGOIR-TOOL-SCIS-MET01,STRAIGHT CUT AVIATION SNIP/CISAILLE D'AVIATION-COUPE RECTILIGNE (WISS),USINE,2,0,0,0,2,ARMOIRE AVEC CLE T3,XX,0,,N/A,,,1545,5,100,0,,[]
LGOIR-TOOL6610,"HIGH CONTRAST SQUARE 12""/EQUERRE A HAUT CONTRASTE 12""",USINE,1,0,0,0,1,ARMOIRE AVEC CLE,XX,0,,N/A,,,1546,5,100,0,,[]
LGOIR-LITTLEPIECE,STRIPPER BLADES/LAMES A DECAPER,USINE,2,0,0,0,2,ARMOIRE AVEC CLE T1,XX,0,,N/A,,,1547,5,100,0,,[]
LGOIR-TOOL5610,EQUERRE JOHNSON/SQUARE JOHNSON,USINE,1,0,0,0,1,ARMOIRE AVEC CLE,XX,0,,N/A,,,1548,5,100,0,,[]
LGOIR-BETON4,"TAPCON 1/4 X 8""",CHANTIER,50,0,0,0,1,ARMOIRE AVEC CLE,XX,0,,N/A,,,1549,5,100,0,,[]
18-VTRX-124-01-XX,"VIS TORX NATUREL 10-24 X 1""",CHANTIER,100,0,0,0,1,ARMOIRE AVEC CLE,XX,0,,N/A,,,1550,5,100,0,,[]
LGOIR-WH451,WASHER 5/8,CHANTIER,172,0,0,0,172,BOITE TRANSPARENT PLASTIQUE CONT CHANTIER,XX,0,,N/A,,,1551,5,100,0,,[]
LGOIR-HX12461,HEX NUT PETIT DE 3/8,SHEAR,182,0,0,0,182,BOITE TRANSPARENT PLASTIQUE CONT CHANTIER,XX,0,,N/A,,,1552,5,100,0,,[]
LGOIR-VS702345,10-24 UNC 1/2 VIS MACHINE T.PLATE,USINE,948,0,0,0,9.48,BOITE TRANSPARENT PLASTIQUE CONT CHANTIER,XX,0,,N/A,,,1553,5,100,0,,[]
LGOIR-HXDDF65213,GRADE 2 HEX NYLON INSERT LOCK NUTS,USINE,85,0,0,0,85,BOITE TRANSPARENT PLASTIQUE CONT CHANTIER,XX,0,,N/A,,,1554,5,100,0,,[]
LGOIR-S51245,SAE FLAT WASHERS,USINE,100,0,0,0,100,BOITE TRANSPARENT PLASTIQUE CONT CHANTIER,XX,0,,N/A,,,1555,5,100,0,,[]
LGOIR-BO194,307 A CARRIAGE BOLT 2P 3/8 - 16 X 2,USINE,35,0,0,0,35,BOITE TRANSPARENT PLASTIQUE CONT CHANTIER,XX,0,,N/A,,,1556,5,100,0,,[]
LGOIR-V134734S,VIS MECANIQUE 10-24 X 1/2 FLAT SOCKET,USINE,400,0,0,0,400,BOITE TRANSPARENT PLASTIQUE CONT CHANTIER,XX,0,,N/A,,,1557,5,100,0,,[]
LGOIR-V134780946D,10-24 X 3/8 FLAT PT SOCKET SET SCREW,USINE,1086,0,0,0,1086,"BOITE TRANSPARENT PLASTIQUE CONT CHANT, ARMOIRE AVEC CLE T3",XX,0,,N/A,,,1558,5,100,0,,[]
LGOIR-VTNASDG1245,"VIS TORX NATUREL 10-24 X 1""",USINE,236,0,0,0,236,BOITE TRANSPARENT PLASTIQUE CONT CHANTIER,XX,0,,N/A,,,1559,5,100,0,,[]
LGOIR-STPRA351,SEE THROUGH POUR ROSETTES ANCIEN,USINE,73,0,0,0,73,BOITE TRANSPARENT PLASTIQUE CONT CHANTIER,XX,0,,N/A,,,1560,5,100,0,,[]
LGOIR-29914ASDFG,10-24 UNC 3/4 VIS MACHINE TETE PLATE CARRE ZINC,USINE,2633,0,0,0,2633,BOITE TRANSPARENT PLASTIQUE CONT CHANTIER,XX,0,,N/A,,,1561,5,100,0,,[]
LGOIR-VTP1512,8-32 UNC X 3/8 VIS D'ARRET 6 PTE CONIQUE,USINE,1000,0,0,0,1000,BOITE TRANSPARENT PLASTIQUE CONT CHANTIER,XX,0,,N/A,,,1562,5,100,0,,[]
LGOIR-125233VT,VIS TORX BRONZE 10-24 7/8,USINE,111,0,0,0,0,BOITE TRANSPARENT PLASTIQUE CONT CHANTIER,XX,0,,N/A,,,1563,5,100,0,,[]
LGOIR-LC15NT,LOCK NUTS 5/16-18,USINE,47,0,0,0,47,BOITE TRANSPARENT PLASTIQUE CONT CHANTIER,XX,0,,N/A,,,1564,5,100,0,,[]
LGOIR-ANC152MACH,ANCRAGE DE LA MACHINE  (MAKO),USINE,1,0,0,0,1,BOITE TRANSPARENT PLASTIQUE CONT CHANTIER,XX,0,,N/A,,,1565,5,100,0,,[]
LGOIR-125FQ5GA,CALK IN 10 X 24 MCM,USINE,16,0,0,0,16,BOITE TRANSPARENT PLASTIQUE CONT CHANTIER,XX,0,,N/A,,,1566,5,100,0,,[]
18-TRAM-24V-1A-SE,Transformateur - 24V - 120W - 0.5Amps -1 sortie MOLEX (SEP),CHANTIER,31,0,0,0,31,ARMOIRE ELECTRIQUE,XX,0,,N/A,,,1567,5,100,0,,[]
18-BLED-200-4K-06-SE,BARRE DE LED 06 4000K,CHANTIER,96,0,0,0,1.92,ARMOIRE ELECTRIQUE,XX,0,,N/A,,,1568,5,100,0,,[]
18-BLED-200-4K-10-SE,BARRE DE LED 10 4000K,ELECTRIQUE,99,0,0,0,1.98,ARMOIRE ELECTRIQUE,XX,0,,N/A,,,1569,5,100,0,,[]
18-RLED-200-4K-03-SE,"RONDELLE LED  3""  4000K",ELECTRIQUE,1,0,0,0,0.02,ARMOIRE ELECTRIQUE,XX,0,,N/A,,,1570,5,100,0,,[]
18-ROSE-PCI-00-42,ROSETTE PYRAMIDAL 4 PATTES FINI ETAIN,CHANTIER,100,0,0,0,0.22222222,BOX 27,XX,0,,N/A,,,1571,5,100,0,,[]
LGOIR-CHV-02,CACHE VIS ARGENT,EXTRUSION,248,0,0,0,248,ARMOIRE AVEC CLE T2,XX,0,,N/A,,,1572,5,100,0,,[]
18-CMCA-01S-10-01,"Extrusion 1 1/2"" - CMCA-01 - Standard 10,5' - Mill Finish",EXTRUSION,16,0,0,0,0.05333333,BIN 2,XX,0,,N/A,,,1573,5,100,0,,[]
18-CMCA-01S-10-03,"Extrusion 1 1/2"" - CMCA-01 - Standard 10,5' - Dark Bronze",EXTRUSION,122,0,0,0,0.40666667,BIN 2,XX,0,,N/A,,,1574,5,100,0,,[]
18-CMCA-01S-10-04,"Extrusion 1 1/2"" - CMCA-01 - Standard 10,5' - Gold",EXTRUSION,184,0,0,0,0.61333333,BIN 2,XX,0,,N/A,,,1575,5,100,0,,[]
18-CMCA-01S-10-07,"Extrusion 1 1/2"" - CMCA-01 - Standard 10,5' - Noir",EXTRUSION,32,0,0,0,0.10666667,BIN 2,XX,0,,N/A,,,1576,5,100,0,,[]
18-CMCA-01S-21-01,"Extrusion 1 1/2"" - CMCA-01 - Standard 21,0' - Mill Finish",EXTRUSION,14,0,0,0,0.04666667,BIN 2,XX,0,,N/A,,,1577,5,100,0,,[]
18-CMCA-01S-21-02,"Extrusion 1 1/2"" - CMCA-01 - Standard 21,0' - Light Bronze",EXTRUSION,173,0,0,0,0.57666667,BIN 2,XX,0,,N/A,,,1578,5,100,0,,[]
18-CMCA-01S-21-05,"Extrusion 1 1/2"" - CMCA-01 - Standard 21,0' - Champagne",EXTRUSION,117,0,0,0,0.39,BIN 2,XX,0,,N/A,,,1579,5,100,0,,[]
18-CMCA-01S-21-06,"Extrusion 1 1/2"" - CMCA-01 - Standard 21,0' - Satin Clair",EXTRUSION,60,0,0,0,0.2,BIN 2,XX,0,,N/A,,,1580,5,100,0,,[]
18-CMCA-01S-21-30,"Extrusion 1 1/2"" - CMCA-01 - Standard 21,0' - Bronze Antique",EXTRUSION,22,0,0,0,0.07333333,BIN 2,XX,0,,N/A,,,1581,5,100,0,,[]
18-CMCA-02S-10-01,"Extrusion 0 5/8"" - CMCA-02 - Standard 10,5' - Mill Finish",EXTRUSION,273,0,0,0,0.91,BIN 2,XX,0,,N/A,,,1582,5,100,0,,[]
18-CMCA-02S-10-02,"Extrusion 0 5/8"" - CMCA-02 - Standard 10,5' - Light Bronze",EXTRUSION,90,0,0,0,0.3,BIN 2,XX,0,,N/A,,,1583,5,100,0,,[]
18-CMCA-02S-10-03,"Extrusion 0 5/8"" - CMCA-02 - Standard 10,5' - Dark Bronze",EXTRUSION,280,0,0,0,0.93333333,BIN 2,XX,0,,N/A,,,1584,5,100,0,,[]
18-CMCA-02S-10-04,"Extrusion 0 5/8"" - CMCA-02 - Standard 10,5' - Gold",EXTRUSION,480,0,0,0,1.6,BIN 2,XX,0,,N/A,,,1585,5,100,0,,[]
18-CMCA-02S-10-05,"Extrusion 0 5/8"" - CMCA-02 - Standard 10,5' - Champagne",EXTRUSION,82,0,0,0,0.27333333,BIN 2,XX,0,,N/A,,,1586,5,100,0,,[]
18-CMCA-02S-10-06,"Extrusion 0 5/8"" - CMCA-02 - Standard 10,5' - Satin Clair",EXTRUSION,114,0,0,0,0.38,BIN 2,XX,0,,N/A,,,1587,5,100,0,,[]
18-CMCA-02S-10-07,"Extrusion 0 5/8"" - CMCA-02 - Standard 10,5' - Noir",EXTRUSION,0,0,0,0,0,BIN 2,XX,0,,N/A,,,1588,5,100,0,,[]
18-CMCA-02X-12-02,"Extrusion 0 5/8"" - CMCA-02 - Coupe Interne SHOP 12"" - Light Bronze",EXTRUSION,747,0,0,0,2.49,BIN 2,XX,0,,N/A,,,1589,5,100,0,,[]
18-CMCA-02X-12-03,"Extrusion 0 5/8"" - CMCA-02 - Coupe Interne SHOP 12"" - Dark Bronze",EXTRUSION,0,0,0,0,0,BIN 2,XX,0,,N/A,,,1590,5,100,0,,[]
18-CMCA-02X-12-04,"Extrusion 0 5/8"" - CMCA-02 - Coupe Interne SHOP 12"" - Gold",EXTRUSION,94,0,0,0,0.31333333,BIN 2,XX,0,,N/A,,,1591,5,100,0,,[]
18-CMCA-02X-14-02,"Extrusion 0 5/8"" - CMCA-02 - Coupe Interne SHOP 14"" - Light Bronze",EXTRUSION,0,0,0,0,0,BIN 2,XX,0,,N/A,,,1592,5,100,0,,[]
18-CMCA-03S-10-01,"Extrusion 1 1/2"" - CMCA-03 - Standard 10,5' - Mill Finish",EXTRUSION,43,0,0,0,0.14333333,BIN 2,XX,0,,N/A,,,1593,5,100,0,,[]
18-CMCA-03S-10-04,"Extrusion 1 1/2"" - CMCA-03 - Standard 10,5' - Gold",EXTRUSION,151,0,0,0,0.50333333,BIN 2,XX,0,,N/A,,,1594,5,100,0,,[]
18-CMCA-03S-10-05,"Extrusion 1 1/2"" - CMCA-03 - Standard 10,5' - Champagne",EXTRUSION,6,0,0,0,0.02,BIN 2,XX,0,,N/A,,,1595,5,100,0,,[]
18-CMCA-03S-21-01,"Extrusion 1 1/2"" - CMCA-03 - Standard 21,0' - Mill Finish",EXTRUSION,47,0,0,0,0.15666667,BIN 2,XX,0,,N/A,,,1596,5,100,0,,[]
18-CMCA-03S-21-02,"Extrusion 1 1/2"" - CMCA-03 - Standard 21,0' - Light Bronze",EXTRUSION,149,0,0,0,0.49666667,BIN 2,XX,0,,N/A,,,1597,5,100,0,,[]
18-CMCA-03S-21-03,"Extrusion 1 1/2"" - CMCA-03 - Standard 21,0' - Dark Bronze",EXTRUSION,12,0,0,0,0.04,BIN 2,XX,0,,N/A,,,1598,5,100,0,,[]
18-CMCA-03S-21-06,"Extrusion 1 1/2"" - CMCA-03 - Standard 21,0' - Satin Clair",EXTRUSION,8,0,0,0,0.02666667,BIN 2,XX,0,,N/A,,,1599,5,100,0,,[]
18-CMCA-03S-21-30,"Extrusion 1 1/2"" - CMCA-03 - Standard 21,0' - Bronze Antique",EXTRUSION,15,0,0,0,0.05,BIN 2,XX,0,,N/A,,,1600,5,100,0,,[]
18-CMCA-04S-10-01,"Extrusion 1 1/2"" - CMCA-04 - Standard 10,5' - Mill Finish",EXTRUSION,250,0,0,0,0.83333333,BIN 2,XX,0,,N/A,,,1601,5,100,0,,[]
18-CMCA-04S-10-03,"Extrusion 1 1/2"" - CMCA-04 - Standard 10,5' - Dark Bronze",EXTRUSION,106,0,0,0,0.35333333,BIN 2,XX,0,,N/A,,,1602,5,100,0,,[]
18-CMCA-04S-10-04,"Extrusion 1 1/2"" - CMCA-04 - Standard 10,5' - Gold",EXTRUSION,199,0,0,0,0.66333333,BIN 2,XX,0,,N/A,,,1603,5,100,0,,[]
18-CMCA-04S-10-05,"Extrusion 1 1/2"" - CMCA-04 - Standard 10,5' - Champagne",EXTRUSION,6,0,0,0,0.02,BIN 2,XX,0,,N/A,,,1604,5,100,0,,[]
18-CMCA-04S-21-01,"Extrusion 1 1/2"" - CMCA-04 - Standard 21,0' - Mill Finish",EXTRUSION,231,0,0,0,0.77,BIN 2,XX,0,,N/A,,,1605,5,100,0,,[]
18-CMCA-04S-21-02,"Extrusion 1 1/2"" - CMCA-04 - Standard 21,0' - Light Bronze",EXTRUSION,153,0,0,0,0.51,BIN 2,XX,0,,N/A,,,1606,5,100,0,,[]
18-CMCA-04S-21-06,"Extrusion 1 1/2"" - CMCA-04 - Standard 21,0' - Satin Clair",EXTRUSION,72,0,0,0,0.24,BIN 2,XX,0,,N/A,,,1607,5,100,0,,[]
18-CMCA-04S-21-30,"Extrusion 1 1/2"" - CMCA-04 - Standard 21,0' - Bronze Antique",EXTRUSION,17,0,0,0,0.05666667,BIN 2,XX,0,,N/A,,,1608,5,100,0,,[]
18-CMCA-05M-12-02,"Extrusion 0 5/8"" - CMCA-05 - Machin� 12"" - Light Bronze",EXTRUSION,4909,0,0,0,16.3633333,BIN 2,XX,0,,N/A,,,1609,5,100,0,,[]
18-CMCA-05M-12-03,"Extrusion 0 5/8"" - CMCA-05 - Machin� 12"" - Dark Bronze",EXTRUSION,169,0,0,0,0.56333333,BIN 2,XX,0,,N/A,,,1610,5,100,0,,[]
18-CMCA-05M-12-04,"Extrusion 0 5/8"" - CMCA-05 - Machin� 12"" - Gold",EXTRUSION,0,0,0,0,0,BIN 2,XX,0,,N/A,,,1611,5,100,0,,[]
18-CMCA-05M-12-06,"Extrusion 0 5/8"" - CMCA-05 - Machin� 12"" - Satin Clair",EXTRUSION,0,0,0,0,0,BIN 2,XX,0,,N/A,,,1612,5,100,0,,[]
18-CMCA-05M-18-02,"Extrusion 0 5/8"" - CMCA-05 - Machin� 18"" - Light Bronze",EXTRUSION,91,0,0,0,0.30333333,BIN 2,XX,0,,N/A,,,1613,5,100,0,,[]
18-CMCA-05S-10-01,"Extrusion 0 5/8"" - CMCA-05 - Standard 10,5' - Mill Finish",EXTRUSION,0,0,0,0,0,BIN 2,XX,0,,N/A,,,1614,5,100,0,,[]
18-CMCA-05S-10-02,"Extrusion 0 5/8"" - CMCA-05 - Standard 10,5' - Light Bronze",EXTRUSION,813,0,0,0,2.71,BIN 2,XX,0,,N/A,,,1615,5,100,0,,[]
18-CMCA-05S-10-03,"Extrusion 0 5/8"" - CMCA-05 - Standard 10,5' - Light Bronze",EXTRUSION,112,0,0,0,0.37333333,BIN 2,XX,0,,N/A,,,1616,5,100,0,,[]
18-CMCA-05S-10-04,"Extrusion 0 5/8"" - CMCA-05 - Standard 10,5' - Gold",EXTRUSION,470,0,0,0,1.56666667,BIN 2,XX,0,,N/A,,,1617,5,100,0,,[]
18-CMCA-05S-10-05,"Extrusion 0 5/8"" - CMCA-05 - Standard 10,5' - Champagne",EXTRUSION,2,0,0,0,0.00666667,BIN 2,XX,0,,N/A,,,1618,5,100,0,,[]
18-CMCA-05S-10-06,"Extrusion 0 5/8"" - CMCA-05 - Standard 10,5' - Satin Clair",EXTRUSION,47,0,0,0,0.15666667,BIN 2,XX,0,,N/A,,,1619,5,100,0,,[]
18-CMCA-05X-12-02,"Extrusion 0 5/8"" - CMCA-05 - Coupe Interne SHOP 12"" - Light Bronze",EXTRUSION,524,0,0,0,1.74666667,BIN 2,XX,0,,N/A,,,1620,5,100,0,,[]
18-CMCA-05X-12-04,"Extrusion 0 5/8"" - CMCA-05 - Coupe Interne SHOP 12"" - Gold",EXTRUSION,4,0,0,0,0.01333333,BIN 2,XX,0,,N/A,,,1621,5,100,0,,[]
18-CMCA-25M-12-01,"Extrusion 0 5/8"" - CMCA-25 - Machin� 12"" - Mill Finish",EXTRUSION,0,0,0,0,0,BIN 2,XX,0,,N/A,,,1622,5,100,0,,[]
18-CMCA-25S-10-01,"Extrusion 0 5/8"" - CMCA-25 - Standard 10,5' - Mill Finish",EXTRUSION,935,0,0,0,3.11666667,BIN 2,XX,0,,N/A,,,1623,5,100,0,,[]
18-CMCA-25S-10-21,"Extrusion 0 5/8"" - CMCA-25 - Standard 10,5' - Marbletech White Marble",EXTRUSION,38,0,0,0,0.12666667,BIN 2,XX,0,,N/A,,,1624,5,100,0,,[]
18-CMCA-25S-10-24,"Extrusion 0 5/8"" - CMCA-25 - Standard 10,5' - Marbletech Arabescato",EXTRUSION,197,0,0,0,0.65666667,BIN 2,XX,0,,N/A,,,1625,5,100,0,,[]
18-CMCA-25X-12-01,"Extrusion 0 5/8"" - CMCA-25 - Coupe Interne SHOP 12"" - Mill Finish",EXTRUSION,2213,0,0,0,7.37666667,BIN 2,XX,0,,N/A,,,1626,5,100,0,,[]
18-CMCA-25X-24-01,"Extrusion 0 5/8"" - CMCA-25 - Coupe Interne SHOP 24"" - Mill Finish",EXTRUSION,0,0,0,0,0,BIN 2,XX,0,,N/A,,,1627,5,100,0,,[]
18-CMCA-26M-12-01,"Extrusion 0 5/8"" - CMCA-26 - Machin� 12"" - Mill Finish",EXTRUSION,3115,0,0,0,10.3833333,BIN 2,XX,0,,N/A,,,1628,5,100,0,,[]
18-CMCA-26M-12-21,"Extrusion 0 5/8"" - CMCA-26 - Machin� 12"" - Marbletech White Marble",EXTRUSION,16,0,0,0,0.05333333,BIN 2,XX,0,,N/A,,,1629,5,100,0,,[]
18-CMCA-26M-12-24,"Extrusion 0 5/8"" - CMCA-26 - Machin� 12"" - Marbletech Arabescato",EXTRUSION,87,0,0,0,0.29,BIN 2,XX,0,,N/A,,,1630,5,100,0,,[]
18-CMCA-26M-14-01,"Extrusion 0 5/8"" - CMCA-26 - Machin� 14"" - Mill Finish",EXTRUSION,1661,0,0,0,5.53666667,BIN 2,XX,0,,N/A,,,1631,5,100,0,,[]
18-CMCA-26M-20-24,"Extrusion 0 5/8"" - CMCA-26 - Machin� 20"" - Marbletech Arabescato",EXTRUSION,0,0,0,0,0,BIN 2,XX,0,,N/A,,,1632,5,100,0,,[]
18-CMCA-26S-10-01,"Extrusion 0 5/8"" - CMCA-26 - Standard 10,5' - Mill Finish",EXTRUSION,428,0,0,0,1.42666667,BIN 2,XX,0,,N/A,,,1633,5,100,0,,[]
18-CMCA-26S-10-20,"Extrusion 0 5/8"" - CMCA-26 - Standard 10,5' - Marbletech Travertin",EXTRUSION,128,0,0,0,0.42666667,BIN 2,XX,0,,N/A,,,1634,5,100,0,,[]
18-CMCA-26S-10-21,"Extrusion 0 5/8"" - CMCA-26 - Standard 10,5' - Marbletech White Marble",EXTRUSION,232,0,0,0,0.77333333,BIN 2,XX,0,,N/A,,,1635,5,100,0,,[]
18-CMCA-26S-10-24,"Extrusion 0 5/8"" - CMCA-26 - Standard 10,5' - Marbletech Arabescato",EXTRUSION,19,0,0,0,0.06333333,BIN 2,XX,0,,N/A,,,1636,5,100,0,,[]
18-CMCA-26X-12-01,"Extrusion 0 5/8"" - CMCA-26 - Coupe Interne SHOP 12"" - Mill Finish",EXTRUSION,0,0,0,0,0,BIN 2,XX,0,,N/A,,,1637,5,100,0,,[]
18-CMCA-26X-12-24,"Extrusion 0 5/8"" - CMCA-26 - Coupe Interne SHOP 12"" - Marbletech Arabescato",EXTRUSION,17,0,0,0,0.05666667,BIN 2,XX,0,,N/A,,,1638,5,100,0,,[]
18-CMCA-30S-10-02,"Extrusion 45 DG - CMCA-30 - Standard 10,5' - Light Bronze",EXTRUSION,21,0,0,0,0.07,BIN 2,XX,0,,N/A,,,1639,5,100,0,,[]
18-CMCA-30S-10-04,"Extrusion 45 DG - CMCA-30 - Standard 10,5' - Gold",EXTRUSION,14,0,0,0,0.04666667,BIN 2,XX,0,,N/A,,,1640,5,100,0,,[]
18-CMCA-30S-10-05,"Extrusion 45 DG - CMCA-30 - Standard 10,5' - Champagne",EXTRUSION,6,0,0,0,0.02,BIN 2,XX,0,,N/A,,,1641,5,100,0,,[]
18-CMCA-30S-10-06,"Extrusion 45 DG - CMCA-30 - Standard 10,5' - Satin Clair",EXTRUSION,6,0,0,0,0.02,BIN 2,XX,0,,N/A,,,1642,5,100,0,,[]
18-CMCA-30S-10-07,"Extrusion 45 DG - CMCA-30 - Standard 10,5' - Noir",EXTRUSION,4,0,0,0,0.01333333,BIN 2,XX,0,,N/A,,,1643,5,100,0,,[]
18-CMCA-30S-10-20,"Extrusion 45 DG - CMCA-30 - Standard 10,5' - Marbletech Travertin",EXTRUSION,14,0,0,0,0.04666667,BIN 2,XX,0,,N/A,,,1644,5,100,0,,[]
18-CMCA-30S-10-21,"Extrusion 45 DG - CMCA-30 - Standard 10,5' - Marbletech White Marble",EXTRUSION,10,0,0,0,0.03333333,BIN 2,XX,0,,N/A,,,1645,5,100,0,,[]
18-CMCA-30S-21-03,"Extrusion 45 DG - CMCA-30 - Standard 21,0' - Dark Bronze",EXTRUSION,75,0,0,0,0.25,BIN 2,XX,0,,N/A,,,1646,5,100,0,,[]
18-CMCA-35S-21-01,"Extrusion 45 DG - CMCA-35 - Standard 21,0' - Mill Finish",EXTRUSION,0,0,0,0,0,BIN 2,XX,0,,N/A,,,1647,5,100,0,,[]
18-CMCA-35S-21-02,"Extrusion 0 5/8"" - CMCA-05 - Machin� 12"" - Light Bronze",EXTRUSION,0,0,0,0,0,"BOX 48, BOX 49, BOX 50",XX,0,,N/A,,,1648,5,100,0,,[]
18-CMCA-35S-21-03,"Extrusion 45 DG - CMCA-35 - Standard 21,0' - Dark Bronze",EXTRUSION,0,0,0,0,0,BIN 2,XX,0,,N/A,,,1649,5,100,0,,[]
18-CMCA-40S-10-02,"Extrusion 1 1/4"" - CMCA-40 - Standard 10,5' - Light Bronze",EXTRUSION,25,0,0,0,0.08333333,BIN 2,XX,0,,N/A,,,1650,5,100,0,,[]
18-CMCA-40S-10-06,"Extrusion 1 1/4"" - CMCA-40 - Standard 10,5' - Satin Clair",EXTRUSION,4,0,0,0,0.01333333,BIN 2,XX,0,,N/A,,,1651,5,100,0,,[]
18-CMCA-40S-21-03,"Extrusion 1 1/4"" - CMCA-40 - Standard 21,0' - Dark Bronze",EXTRUSION,29,0,0,0,0.09666667,BIN 2,XX,0,,N/A,,,1652,5,100,0,,[]
18-CMCA-40S-21-04,"Extrusion 1 1/4"" - CMCA-40 - Standard 21,0' - Gold",EXTRUSION,14,0,0,0,0.04666667,BIN 2,XX,0,,N/A,,,1653,5,100,0,,[]
18-CMCA-40S-21-07,"Extrusion 1 1/4"" - CMCA-40 - Standard 21,0' - Noir",EXTRUSION,9,0,0,0,0.03,BIN 2,XX,0,,N/A,,,1654,5,100,0,,[]
18-CMCA-50S-10-01,"Poteaux 0 7/16"" - CMCA-50 - Standard 10,5' - Mill Finish",EXTRUSION,298.1,0,0,0,0.99366667,BIN 2,XX,0,,N/A,,,1655,5,100,0,,[]
18-CMCA-50S-10-02,"Poteaux 0 7/16"" - CMCA-50 - Standard 10,5' - Light Bronze",EXTRUSION,322.41,0,0,0,1.0747,BIN 2,XX,0,,N/A,,,1656,5,100,0,,[]
18-CMCA-50S-10-03,"Poteaux 0 7/16"" - CMCA-50 - Standard 10,5' - Dark Bronze",EXTRUSION,8,0,0,0,0.02666667,BIN 2,XX,0,,N/A,,,1657,5,100,0,,[]
18-CMCA-50S-10-06,"Poteaux 0 7/16"" - CMCA-50 - Standard 10,5' - Satin Clair",EXTRUSION,38,0,0,0,0.12666667,BIN 2,XX,0,,N/A,,,1658,5,100,0,,[]
18-CMCA-50S-10-07,"Poteaux 0 7/16"" - CMCA-50 - Standard 10,5' - Noir",EXTRUSION,0.08,0,0,0,0.00026667,BIN 2,XX,0,,N/A,,,1659,5,100,0,,[]
18-CMCA-50S-10-20,"Poteaux 0 7/16"" - CMCA-50 - Standard 10,5' - Marbletech Travertin",EXTRUSION,34,0,0,0,0.11333333,BIN 2,XX,0,,N/A,,,1660,5,100,0,,[]
18-CMCA-50S-10-21,"Poteaux 0 7/16"" - CMCA-50 - Standard 10,5' - Marbletech White Marble",EXTRUSION,4,0,0,0,4,ARMOIRE AVEC CLE T2,XX,0,,N/A,,,1661,5,100,0,,[]
18-CMCA-50S-10-24,"Poteaux 0 7/16"" - CMCA-50 - Standard 10,5' - Marbletech Arabescato",EXTRUSION,38,0,0,0,0.12666667,BIN 2,XX,0,,N/A,,,1662,5,100,0,,[]
18-5005-410-0F-01,"Feuille Aluminium 5005 - 4,0' x 10,0' - 1/8"" - 0F - Mill Finish",FEUILLES,30,0,0,0,0.6,BIN 1,XX,0,,N/A,,,1663,5,100,0,,[]
18-5005-410-1F-02,"Feuille Aluminium 5005 - 4,0' x 10,0' - 1/8"" - 1F - Light Bronze",FEUILLES,128,0,0,0,2.56,BIN 1,XX,0,,N/A,,,1664,5,100,0,,[]
18-5005-410-1F-03,"Feuille Aluminium 5005 - 4,0' x 10,0' - 1/8"" - 1F - Dark Bronze",FEUILLES,8,0,0,0,0.16,BIN 1,XX,0,,N/A,,,1665,5,100,0,,[]
18-5005-410-1F-07,"Feuille Aluminium 5005 - 4,0' x 10,0' - 1/8"" - 1F - Noir",FEUILLES,0,0,0,0,0,BIN 1,XX,0,,N/A,,,1666,5,100,0,,[]
18-5005-410-1F-30,"Feuille Aluminium 5005 - 4,0' x 10,0' - 1/8"" - 1F - Bronze Antique",FEUILLES,2,0,0,0,0.04,BIN 1,XX,0,,N/A,,,1667,5,100,0,,[]
18-5005-410-2F-02,"Feuille Aluminium 5005 - 4,0' x 10,0' - 1/8"" - 2F - Light Bronze",FEUILLES,131,0,0,0,2.62,BIN 1,XX,0,,N/A,,,1668,5,100,0,,[]
18-5005-410-2F-04,"Feuille Aluminium 5005 - 4,0' x 10,0' - 1/8"" - 2F - Gold",FEUILLES,18,0,0,0,0.36,BIN 1,XX,0,,N/A,,,1669,5,100,0,,[]
18-5005-410-2F-06,"Feuille Aluminium 5005 - 4,0' x 10,0' - 1/8"" - 2F - Satin Clair",FEUILLES,69,0,0,0,1.38,BIN 1,XX,0,,N/A,,,1670,5,100,0,,[]
18-5005-410-2F-07,"Feuille Aluminium 5005 - 4,0' x 10,0' - 1/8"" - 2F - Noir",FEUILLES,10,0,0,0,0.2,BIN 1,XX,0,,N/A,,,1671,5,100,0,,[]
18-5052-451-2F-20,"Feuille Aluminium 5052 - 4,5' x 10,0' - 1/8"" - 2F - Marbletech Travertin",FEUILLES,27,0,0,0,0.54,BIN 1,XX,0,,N/A,,,1672,5,100,0,,[]
18-5052-451-2F-21,"Feuille Aluminium 5052 - 4,5' x 10,0' - 1/8"" - 2F - Marbletech White Marble",FEUILLES,49,0,0,0,0.98,BIN 1,XX,0,,N/A,,,1673,5,100,0,,[]
18-5052-451-2F-24,"Feuille Aluminium 5052 - 4,5' x 10,0' - 1/8"" - 2F - Marbletech Arabescato",FEUILLES,98,0,0,0,1.96,BIN 1,XX,0,,N/A,,,1674,5,100,0,,[]
18-5052-510-0F-01,"Feuille Aluminium 5052 - 5,0' x 10,0' - 1/8"" - 0F - Mill Finish",FEUILLES,112,0,0,0,2.24,BIN 1,XX,0,,N/A,,,1675,5,100,0,,[]
18-5210-510-0F-01,"Feuille Aluminium 5052 - 5,0' x 10,0' - 1/10"" - 0F - Mill Finish",FEUILLES,100,0,0,0,2,BIN 1,XX,0,,N/A,,,1676,5,100,0,,[]
18-5526-410-0F-01,"Feuille Aluminium 5052 - 4,0' x 10,0' - 1/16"" - 0F - Mill Finish",FEUILLES,97,0,0,0,1.94,BIN 1,XX,0,,N/A,,,1677,5,100,0,,[]
18-FILL-410-1F-02,"Feuille Aluminium 5005 - 4,0' x 10,0' - 1/32"" - 1F - Light Bronze",FEUILLES,24,0,0,0,0.48,BIN 1,XX,0,,N/A,,,1678,5,100,0,,[]
18-FILL-410-1F-03,"Feuille Aluminium 5005 - 4,0' x 10,0' - 1/32"" - 1F - Dark Bronze",FEUILLES,59,0,0,0,1.18,BIN 1,XX,0,,N/A,,,1679,5,100,0,,[]
18-TIGF-124-12-01,TIGE FILLETE - 10-24 X12.0' MILL FINISH,FINITION,137,0,0,0,2.74,BIN1 TABLE,XX,0,,FASTENAL,46085,,1680,5,100,0,,[]
LGOIR-PASTE21,SILICONE  BRONZE DOWSIL,CHANTIER,20,0,0,0,1.66666667,E3R,XX,0,,VALTEC,,,1681,5,100,0,,[]
LGOIR-TOOL45,HUSKY ROUND HEADED RACHET / CLE A DOUILLE A CLIQUET A TETE RONDE,ASSEMBLAGE,2,0,0,0,0.00666667,ARMOIRE AVEC CLE T4,XX,0,,N/A,,,1682,5,100,0,,[]
LGOIR-UNION-6-MM,"RALLONGE DE TRASNFO 6"" M-M",ELECTRIQUE,206,0,0,0,206,BIN 3,XX,0,,N/A,,,1683,5,100,0,,[]
LGOIR-TOOL4410,BITES DE TOURNEVIS CMC,CHANTIER,623,0,0,0,623,BOX 27,XX,0,,N/A,,,1684,5,100,0,,[]
18-ROSE-PCI-40-47,"Rosette - Pyramidal Carr� Int�rieur - 4,0 PEGS - Noir",CHANTIER,49,0,0,0,0.10888889,BOX 44,XX,0,,N/A,,,1685,5,100,0,,[]
18-ROSE-PCI-20-47,"Rosette - Pyramidal Carr� Int�rieur - 2,0 PEGS - Noir",CHANTIER,43,0,0,0,0.09555556,BOX 44,XX,0,,N/A,,,1686,5,100,0,,[]
18-FILL-410-1F-05,"Feuille Aluminium 5005 - 4,0' x 10,0' - 1/32"" - 1F - Champagne",FEUILLES,8,0,0,0,0.16,BIN 1,XX,0,,N/A,,,1687,5,100,0,,[]
18-FILL-410-1F-06,"Feuille Aluminium 5005 - 4,0' x 10,0' - 1/32"" - 1F - Satin Clair",FEUILLES,3,0,0,0,0.06,BIN 1,XX,0,,N/A,,,1688,5,100,0,,[]
18-FILL-410-1F-07,"Feuille Aluminium 5005 - 4,0' x 10,0' - 1/32"" - 1F - Noir",FEUILLES,5,0,0,0,0.1,BIN 1,XX,0,,N/A,,,1689,5,100,0,,[]
18-FILL-410-2F-04,"Feuille Aluminium 5005 - 4,0' x 10,0' - 1/32"" - 2F - Gold",FEUILLES,4,0,0,0,0.08,BIN 1,XX,0,,N/A,,,1690,5,100,0,,[]
18-ROSE-PCI-40-72,ROSETTE PYRAMIDAL EN X NOIR ET ETAIN,CHANTIER,92,0,0,0,0.20444444,BOX 51,XX,0,,N/A,,,1691,5,100,0,,[]
18-CMCA-01C-18-02,"Extrusion 1 1/2"" - CMCA-01 - Curved 18"" - Light Bronze",EXTRUSION,20,0,0,0,0.08,BIN 2,XX,0,,N/A,,,1692,5,100,0,,[]
18-CMCA-01C-24-02,"Extrusion 1 1/2"" - CMCA-01 - Curved 24"" - Light Bronze",EXTRUSION,0,0,0,0,0,BIN 2,XX,0,,N/A,,,1693,5,100,0,,[]
18-CMCA-01C-24-03,"Extrusion 1 1/2"" - CMCA-01 - Curved 24"" - Dark Bronze",EXTRUSION,359,0,0,0,7.18,BIN 2,XX,0,,N/A,,,1694,5,100,0,,[]
18-CMCA-01C-24-04,"Extrusion 1 1/2"" - CMCA-01 - Curved 24"" - Gold",EXTRUSION,66,0,0,0,1.32,BIN 2,XX,0,,N/A,,,1695,5,100,0,,[]
18-CMCA-01C-24-06,"Extrusion 1 1/2"" - CMCA-01 - Curved 24"" - Satin Clair",EXTRUSION,32,0,0,0,0.64,BIN 2,XX,0,,N/A,,,1696,5,100,0,,[]
18-CMCA-01C-24-07,"Extrusion 1 1/2"" - CMCA-01 - Curved 24"" - Black",EXTRUSION,33,0,0,0,0.66,BIN 2,XX,0,,N/A,,,1697,5,100,0,,[]
18-CMCA-01C-24-30,"Extrusion 1 1/2"" - CMCA-01 - Curved 24"" - Bronze Antique",EXTRUSION,7,0,0,0,0.14,BIN 2,XX,0,,N/A,,,1698,5,100,0,,[]
18-CMCA-01K-10-02,"Extrusion 1 1/2"" - CMCA-01 - Convex 10"" - Light Bronze",EXTRUSION,63,0,0,0,1.26,BIN 2,XX,0,,N/A,,,1699,5,100,0,,[]
18-CMCA-01K-10-03,"Extrusion 1 1/2"" - CMCA-01 - Convex 10"" - Dark Bronze",EXTRUSION,24,0,0,0,0.48,BIN 2,XX,0,,N/A,,,1700,5,100,0,,[]
18-CMCA-01K-10-04,"Extrusion 1 1/2"" - CMCA-01 - Convex 10"" - Gold",EXTRUSION,41,0,0,0,0.82,BIN 2,XX,0,,N/A,,,1701,5,100,0,,[]
18-CMCA-01K-10-06,"Extrusion 1 1/2"" - CMCA-01 - Convex 10"" - Satin Clair",EXTRUSION,56,0,0,0,1.12,BIN 2,XX,0,,N/A,,,1702,5,100,0,,[]
18-CMCA-01K-10-07,"Extrusion 1 1/2"" - CMCA-01 - Convex 10"" - Black",EXTRUSION,0,0,0,0,0,BIN 2,XX,0,,N/A,,,1703,5,100,0,,[]
18-CMCA-01K-10-30,"Extrusion 1 1/2"" - CMCA-01 - Convex 10"" - Bronze Antique",EXTRUSION,15,0,0,0,0.3,BIN 2,XX,0,,N/A,,,1704,5,100,0,,[]
18-CMCA-01V-14-02,"Extrusion 1 1/2"" - CMCA-01 - Concave 14,5"" - Light Bronze",EXTRUSION,117,0,0,0,2.34,BIN 2,XX,0,,N/A,,,1705,5,100,0,,[]
18-CMCA-01V-14-03,"Extrusion 1 1/2"" - CMCA-01 - Concave 14,5"" - Dark Bronze",EXTRUSION,208,0,0,0,4.16,BIN 2,XX,0,,N/A,,,1706,5,100,0,,[]
18-CMCA-01V-14-06,"Extrusion 1 1/2"" - CMCA-01 - Concave 14,5"" - Satin Clair",EXTRUSION,5,0,0,0,0.1,BIN 2,XX,0,,N/A,,,1707,5,100,0,,[]
18-CMCA-01V-14-30,"Extrusion 1 1/2"" - CMCA-01 - Concave 14,5"" - Bronze Antique",EXTRUSION,12,0,0,0,0.24,BIN 2,XX,0,,N/A,,,1708,5,100,0,,[]
3/816X21/4,STUDS,CHANTIER,107100,0,0,0,107.1,"CONTAINER CHANTIER, BOX 37(10000), BOX 38(9000), BOX 39(9000)",XX,0,,N/A,,,1709,5,100,0,,[]
LGOIR-shims90,SHIMS NOIRES RECTANGULAIRES,USINE,1352,0,0,0,1,ETOPC,XX,0,,N/A,,,1710,5,100,0,,[]
3/816UNC,HEX NUTS POUR STUD,CHANTIER,55800,0,0,0,55800,"CONTAINEUR DU CHANTIER,   BOX 43(39000)",XX,0,,N/A,,,1711,5,100,0,,[]
LGOIR-REVCUTOOL123,CUT OFF TOOL/ OUTILS DE COUPE,USNIE,1,0,0,0,1,ARMOIRE AVEC CLE T3,XX,0,,N/A,,,1712,5,100,0,,[]
LGOIR-LIQUID11SC,PEINTURE SATIN CLAIR,USINE,12,0,0,0,1,E6C,XX,0,,N/A,,,1713,5,100,0,,[]
18-ANGL-202-135-01,"Quincaillerie - Angle M�tal 137 degr�s - 2"" x 2"" x 1/2"" - Mill Finish",QUINCAILLERIE/EXTRUSION,44,0,0,0,44,B0X 18,XX,0,,N/A,,,1714,5,100,0,,[]
LGOIR-CAVGO-1245,CACHE VIS GOLD,USINE,52,0,0,0,52,ARMOIRE AVEC CLE T2,XX,0,,TBD,46077,,1715,5,100,0,,[]
18-ANGL-202-119-01,"Quincaillerie - Angle M�tal 119 degr�s - 2"" x 2"" x 1/2"" - Mill Finish",QUINCAILLERIE/EXTRUSION,0,0,0,0,0,DESK,XX,0,,N/A,,,1716,5,100,0,,[]
LGOIR-HCOMB,PLAQUE DE CARTON HONEYCOMB,CRATAGE,0,0,0,0,0,CRATAGE,XX,0,,ULINE,46077,,1717,5,100,0,,[]
LGOIR-CRCLFI5,"CLOUS DE FINITION CALIBRE 18 1-1/4""",CRATAGE,45000,0,0,0,9,CARTAGE,XX,0,,AGRAFBEC,46079,,1718,5,100,0,,[]
18-CMCA-40S-10-04,"Extrusion 1 1/4"" - CMCA-40 - Standard 10,0' - Gold",EXTRUSION,0,0,0,0,0,BIN 2,XX,0,,DAJCOR,46101,,1719,5,100,0,,[]
18-PIC-021-0505-02,"Tube en aluminium carre de block de curve inverse 21' x� 0.5""x 0.5"" Light bronze",ASSEMBLAGE,0,0,0,0,0,B8-PROD,XX,0,,Details,,,1720,5,100,0,,[]
18-PIC-021-0505-XX,"Tube en aluminium carre de block de curve inverse 21' x� 0.5""x 0.5"" Mill finish",ASSEMBLAGE,0,0,0,0,0,B8-PROD,XX,0,,N/A,,,1721,5,100,0,,[]
18-PIC-105-0505-02,"Tube en aluminium carre de block de curve inverse 10' x� 0.5""x 0.5"" Light bronze",ASSEMBLAGE,0,0,0,0,0,B8-PROD,XX,0,,N/A,,,1722,5,100,0,,[]
18-TABC-BIC-22-02,"Tablette courbe inverse THBIC 22.5 - 22 1/4"" X 22 1/4"" X 1/8"" - 1 face - Light bronze",ASSEMBLAGE,40,0,0,0,40,B8-PROD,XX,0,,N/A,,,1723,5,100,0,,[]
18-TABC-TIC-22-02,"Tablette courbe inverse TIC 22.5 - 22 3/8"" X 22 3/8"" X 1/8"" - 2 faces - Light bronze",ASSEMBLAGE,150,0,0,0,150,B8-PROD,XX,0,,N/A,,,1724,5,100,0,,[]
18-TABC-BAC-24-02,"Tablette courbe THBAC 24 - 17 3/4"" X 23 1/16"" X 1/8"" - 1 face - Light bronze",ASSEMBLAGE,34,0,0,0,34,B8-PROD,XX,0,,N/A,,,1725,5,100,0,,[]
18-5005-510-1F-02,"Feuille Aluminium 5005 - 5,0' x 10,0' - 1/8"" - 1F - Light Bronze",FEUILLES,36,0,0,0,0.72,BIN 1,XX,0,,N/A,,,1726,5,100,0,,[]
18-5005-510-2F-02,"Feuille Aluminium 5005 - 5,0' x 10,0' - 1/8"" - 2F - Light Bronze",FEUILLES,32,0,0,0,0.64,BIN 1,XX,0,,N/A,,,1727,5,100,0,,[]
18-5005-510-2F-03,"Feuille Aluminium 5005 - 5,0' x 10,0' - 1/8"" - 2F - Dark Bronze",FEUILLES,4,0,0,0,0.08,BIN 1,XX,0,,N/A,,,1728,5,100,0,,[]
18-5005-510-0F-01,"Feuille Aluminium 5005 - 5,0' x 10,0' - 1/8"" - 0F - Mill Finish",FEUILLES,10,0,0,0,0.2,BIN 1,XX,0,,N/A,,,1729,5,100,0,,[]
18-5005-510-0F-02,"Feuille Aluminium 5005 - 5,0' x 10,0' - 1/8"" - 0F - Light Bronze",FEUILLES,0,0,0,0,0,BIN 1,XX,0,,N/A,,,1730,5,100,0,,[]
18-TABL-DEV-12-02,"Tablette standard - DEV12 - 11 3/5"" x 11 7/8''- Light bronze",ASSEMBLAGE,50,0,0,0,50,B8-PROD,XX,0,,N/A,,,1731,5,100,0,,[]
18-TABL-DEX-12-02,"Tablette standard - DE12 - 11 9/16"" x 11 15/16''- Light bronze",ASSEMBLAGE,46,0,0,0,46,B8-PROD,XX,0,,N/A,,,1732,5,100,0,,[]
18-TABL-DXX-12-02,"Tablette standard - D12 - 11 9/16"" x 11 5/8''- Light bronze",ASSEMBLAGE,23,0,0,0,23,B8-PROD,XX,0,,N/A,,,1733,5,100,0,,[]
LGOIR-REVOLUTION / SPARE21,DISQUE A ABRASIF 60+,ASSEMBLAGE,100,0,0,0,2,ARMOIRE AVEC CLE,XX,0,,N/A,46093,,1734,5,100,0,,[]
LGOIR-REVOLUTION / SPARE22,DISQUE A ABRASIF 36+,ASSEMBLAGE,100,0,0,0,2,ARMOIRE AVEC CLE,XX,0,,N/A,46093,,1735,5,100,0,,[]
18-ANGL-202-139-01,"Quincaillerie - Angle M�tal 139 degr�s - 2"" x 2"" x 1/2"" - Mill Finish",QUINCAILLERIE/EXTRUSION,30,0,0,0,30,B0X 18,XX,0,,N/A,,,1736,5,100,0,,[]