Codigo,Descripcion,Categoria,StockPrincipal,StockProduccion,StockTransformacion,CantidadPorCaja,NumeroCajas,Ubicacion,FechaExpedicion,DiasParaExpirar,FechaExpiracion,Proveedor,UltimaOrden,Detalles
LGOIR-ACCESORY/SPARE01,EPOXY DERUSHA TUBES,CHANTIER,67,,,12,5.58333333,E6R,XX,,,N/A,,
18-LOCK-125-XX-XX,CAM LOCKS,USINE/ASSEMBLAGE,6003,,,300,20.01,"E4L, BOX 21(2000), BOX 30(3400)",XX,,,N/A,,
18-VCMC-124-15-NO,"VIS CMC NOIR 10-24 X 1 1/2"" ",CHANTIER/USINE,36903,,,3130,11.7900959,"E2R,BOX 19, BOX 20",XX,,,N/A,,
18-VCMC-832-12-NO,"VIS CMC NOIR 8-32 X 1/2""",CHANTIER/USINE,17896,,,8000,2.237,E2R,XX,,,N/A,,
18-COIP-011-XX-TR,"CORNER OF TRANSPARENT PLASTIC (11.125"")11 1/8",CHANTIER,5055,,,1050,4.81428571,E6R,XX,,,N/A,,
LGOIR-LIFTING1,"SLING/Courroie 10""",CHANTIER,9,,,1,9,BOX 28,XX,,,N/A,,
LGOIR-LIFTING2,"SLING/Courroie 12""",CHANTIER,14,,,1,14,BOX 28,XX,,,N/A,,
LGOIR-LIFTING3,"SLING/Courroie 14""",CHANTIER,8,,,1,8,BOX 26,XX,,,N/A,,
LGOIR-LIFTING4,"SLING/Courroie 16""",CHANTIER,18,,,1,18,BOX 26,XX,,,N/A,,
LGOIR-LIFTING5,"SLING/Courroie 20""",CHANTIER,16,,,1,16,BOX 26,XX,,,N/A,,
LGOIR-LIFTING6,"SLING/Courroie 8"" ",CHANTIER,18,,,1,18,BOX 28,XX,,,N/A,,
LGOIR-PASTE1,Dymonic Amande,CHANTIER,0,,,30,0,E5R,-,,,"VALTEC, PSC",,
LGOIR-PASTE2,Dymonic Beige,CHANTIER,57,,,30,1.9,E5R,45554,-17,46102,"VALTEC, PSC",,
LGOIR-PASTE3,DYMONIC BLACK,CHANTIER,102,,,30,3.4,E4R,45792,221,46340,"VALTEC, PSC",46078,
LGOIR-PASTE4,DYMONIC BRONZE,CHANTIER,55,,,30,1.83333333,E3R,-,,,"VALTEC, PSC",46086,
LGOIR-PASTE5,Dymonic FC REDWOOD TAN,CHANTIER,17,,,30,0.56666667,E4R,45665,94,46213,"VALTEC, PSC",,
LGOIR-PASTE6,DYMONIC IVORY,CHANTIER,45,,,30,1.5,E3R,46042,471,46590,"VALTEC, PSC",46078,
LGOIR-PASTE7,DYMONIC LIGHT BRONZE,CHANTIER,31,,,30,1.03333333,E3R,45639,68,46187,"VALTEC, PSC",Waiting,
LGOIR-PASTE8,Dymonic Limestone,CHANTIER,30,,,30,1,E3R,45779,208,46327,"VALTEC, PSC",,
LGOIR-PASTE9,Dymonic Off white,CHANTIER,55,,,30,1.83333333,E4R,45996,425,46544,"VALTEC, PSC",46078,
LGOIR-PASTE10,Dymonic white,CHANTIER,29,,,30,0.96666667,E4R,45584,13,46132,"VALTEC, PSC",,
LGOIR-PASTE11,EPOXY DERUSHA BUSES,CHANTIER,35,,,12,2.91666667,E6R,XX,,,N/A,,
LGOIR-LITTLE PIECE / FIX1,"Fender Washer PLTD 3/16 1"" OD",USINE/ASSEMBLAGE,160,,,40,4,E3C,XX,,,H.PAULIN,46119,
LGOIR-93286A011,"ALUMINIUM WASHERS FOR NUMBER 10 SCREW, GENERALPURPOSE, 0.203"" ID, 0.438"" OD,  PACKS OF 100",USINE/ASSEMBLAGE,1000,,,100,10,ARMOIRE AVEC CLE,XX,,,MCMASTER-CARR,46078,
LGOIR-PROTECTION1,GANTS 10 /GLOVES 10,USINE,25,,,1,25,X,XX,,,TENAQUIP,,
LGOIR-PROTECTION2,GANTS 6/GLOVES 6,USINE,116,,,1,116,X,XX,,,TENAQUIP,,
LGOIR-PROTECTION3,GANTS 7/GLOVES 7,USINE,75,,,1,75,X,XX,,,TENAQUIP,,
LGOIR-PROTECTION4,GANTS 8/GLOVES 8,USINE,13,,,1,13,X,XX,,,TENAQUIP,Waiting,
LGOIR-PROTECTION5,GANTS 9/GLOVES 9,USINE,67,,,1,67,X,XX,,,TENAQUIP,,
LGOIR-PLASTIC1,GRAY SHIMS,CHANTIER,523,,,N/A,#ˇVALOR!,E5C,XX,,,N/A,,
LGOIR-TOOL1,GUN A EPOXY,CHANTIER,2,,,5,0.4,E6R,XX,,,N/A,,
LGOIR-PASTE12,HARDENER,CHANTIER,38,,,1,38,E5R,XX,,,N/A,,
LGOIR-LITTLE PIECE/ SECURITY3,HEX NUTS 5,USINE,10365,,,3000,3.455,E4L,XX,,,N/A,,
LGOIR-PROTECTION6,LUNETTES DE PROTECTION,USINE/SAFETY,95,,,1,95,X,XX,,,N/A,,
LGOIR-LIQUID/MACHINERY1,COOL CUT METAL CUTTING LUBRICANT/LUBRIFIANT DE COUPE POUR METAUX,USINE,26,,,30,0.86666667,ETOPC,XX,,,N/A,,
18-KEBO-POU-23-BC,KERABOND WHITE,CHANTIER,35,,,30,1.16666667,E1L,XX,,,PROSOL,46086,
LGOIR-LIQUID2,"KERALASTIC (7,5L)",CHANTIER,2,,,1,2,E1L,XX,,,N/A,,
18-KELA-LIQ-19-BC,KERALASTIC 5U.S GALS 18.9L,CHANTIER,12,,,10,1.2,E1L,XX,,,PROSOL,46093,
LGOIR-LITTLE PIECE /SECURITY4,CAMS,ASSEMBLAGE,9690,,,1500,6.46,E4L,XX,,,N/A,,
LGOIR-TAPE1,painter's tape blue,ASSEMBLAGE/USINE,22,,,16,1.375,E5L,XX,,,N/A,,
ANCHORPRESS,ANCHOR PRESS(DYNACAST),CHANTIER,8142,,,275,29.6072727,CONTAINEUR CHANTIER,XX,,,N/A,Waiting,
LGOIR-LIQUID4,Peinture Flat Black,MAGASINIER,1,,,6,0.16666667,E6C,XX,,,AD prevost,,
LGOIR-LIQUID PM823,Peinture gold,FINITION,11,,,12,0.91666667,E6C,XX,,,AD prevost,,
LGOIR-BETON1189,ANCRAGE # 3,CHANTIER,1085,,,12,90.4166667,X,XX,,,N/A,,
18-VCMC-832-12-XX,"VIS CMC NATUREL 8-32 X 1/2""",CHANTIER,0,,,7500,0,BOX 19,XX,,,N/A,,
LGOIR-BETON/MARBLE10,HILTI BOLT CHEVILLE KB-TZ2 1/2 X 3,CHANTIER,14,,,20,0.7,CONTAINER CHANTIER,XX,,,N/A,,
LGOIR-TOOL324,EXACTEAU,FINITION,5,,,12,0.41666667,ARMOIRE AVEC CLE T4,XX,,,N/A,,
LGOIR-LIQUID PM819,Peinture light bronze,FINITION,9,,,12,0.75,E6C,XX,,,AD prevost,,
LGOIR-RB5473,RUBAN POUR MARCHES,FINITION,1,,,12,0.08333333,ARMOIRE AVEC CLE T3,XX,,,N/A,,
LGOIR-LIQUID ANOSPEC546,Peinture medium bronze,FINITION,19,,,12,1.58333333,E6C,XX,,,AD prevost,,
LGOIR-LIQUID10,Peinture Or Metalique,FINITION,3,,,12,0.25,E6C,XX,,,N/A,,
LGOIR-LITTLE12413,"HEX DRIVE JOINT CONNECTOR CAP NUT 1/4""-20 UNC X 669""LONG STEEL PLATED",FINITION,63,,,1,63,BOITE TRANSPARENT PLASTIQUE CONT CHANTIER,XX,,,N/A,,
LGOIR-SHIM316,SHIM JAUNE 3/16,CHANTIER,1200,,,100,12,E2C,XX,,,N/A,,
LGOIR-PLASTIC2, BIG BROWN PLASTIC PLUGS,CHANTIER,1356,,,400,3.39,E6R,XX,,,N/A,,
LGOIR-LIQUID13,Polythinner,ASSEMBLAGE/ EXTRUSION/USINE,2,,,1,2,E1C,XX,,,N/A,,
LGOIR-GAS1,PROPANE FOR FORKLIFT,USINE,4,,,1,4,DEHORS,XX,,,SUPERIEUR PROPANE,46101,
LGOIR-RUBBER1,Rouleaux de gaskets,ASSEMBLAGE,2,,,1,2,ETOPL,XX,,,N/A,,
LGOIR-TOOL2,TOURNEVIS/SCREWDRIVER TX-15,CHANTIER,143,,,1,143,"E5R, BOX 44, BOX 27",XX,,,N/A,,
LGOIR-TOOL3,TOURNEVIS/SCREWDRIVER CMC,CHANTIER,100,,,1,100,"E5R, BOX 27",XX,,,N/A,,
LGOIR-TOOL4,TOURNEVIS/SCREWDRIVER TX-25,CHANTIER,16,,,1,16,E5R,XX,,,N/A,,
LGOIR-LITTLE PIECE5,SEE THROUGH PIN,CHANTIER/FINITION,264,,,100,2.64,X,XX,,,N/A,,
LGOIR-SHIM08,"SHIMS 1/8""",CHANTIER/USINE,2580,,,1000,2.58,E2C,XX,,,N/A,,
LGOIR-SHIM04,"SHIMS 1/4""",CHANTIER/USINE,6280,,,1000,6.28,E2C,XX,,,PSC,46098,
LGOIR-SHIM16,"SHIMS 1/16""",CHANTIER/USINE,5457,,,1000,5.457,E2C,XX,,,N/A,,
LGOIR-PASTE13,SIKAFLEX 1A,CHANTIER/USINE,327,,,24,13.625,E2R,46019,448,46567,PSC,46091,
LGOIR-PASTE14,SILICONE TRANSLUCENT WHITE   DOWSIL,CHANTIER/FINITION,43,,,12,3.58333333,E4R,45183,-388,45731,PSC,,
LGOIR-PASTE15, SILICONE CLEAR DOWSIL,CHANTIER/FINITION,63,,,12,5.25,E4R,46699,1128,47247,PSC,,
LGOIR-PASTE16,Silicone Rustic Brick,CHANTIER,20,,,25,0.8,E5R,45748,177,46296,N/A,,
LGOIR-METAL1,STEEL PLATE FOR CORNER NICHES,CHANTIER,146,,,1,146,E1C,XX,,,Acier Lachine,,
LGOIR-TIM123,"TIMBERTITE SCREW WOOD FASTENER(TAPCON) 1/4 X 8""  USE 5/16 HEX DRIVER REMOVAVLE  & REUSABLE CERAMIC COATED",CHANTIER,50,,,1,50,ARMOIRE SANS CLE T2,XX,,,N/A,,
LGOIR-SQ45131,"IRWIN  METAL COMBINATION SQUARE 16"" 40CM",CHANTIER,2,,,1,2,ARMOIRE AVEC CLE T4,XX,,,N/A,,
LGOIR-BETON1,"TAPCON 1/4"" X 3-1/4",CHANTIER,2489,,,2000,1.2445,"E5R, ETOPR",XX,,,N/A,,
LGOIR-BETON2,"TAPCON 1/4"" X 2-3/4""",CHANTIER,5308,,,1000,5.308,CONTAINEUR CHANTIER,XX,,,N/A,,
LGOIR-BETON3,TAPCON  1/2 x 5,CHANTIER,85,,,100,0.85,CONTAINEUR CHANTIER,XX,,,N/A,,
LGOIR-PASTE17,TENAX,CHANTIER,35,,,12,2.91666667,E5R,XX,,,N/A,,
LGOIR-METAL2,TENSION TIES,CHANTIER,25,,,1,25,E1C,XX,,,N/A,,
LGOIR-CARPEINTEER1,VIS A BOIS 8 x 2 1/2 ,CHANTIER/CRETAGE,5000,,,2500,2,E4C,XX,,,N/A,,
LGOIR-CARPEINTEER2,VIS A BOIS 8 X 1 1/4'',CHANTIER/CRETAGE,5820,,,7500,0.776,E4C,XX,,,N/A,,
LGOIR-CARPEINTEER3,"VIS A BOIS 8x 1 3/4""",CHANTIER/CRETAGE,60000,,,5000,12,"E4C, CRATAGE",XX,,,N/A,,
18-VDOS-058-15-ZC,"VIS DE DOS AUTOPERCEUSE #8 X 5/8"" T. HEX RONDELLE ZINC",ASSEMBLAGE,1327,,,100,13.27,E5C,XX,,,N/A,,
LGOIR-FIX1 Desormeau tekgc120200,VIS AUTOPERCEUSE T.GAUFREE CARREE ZINC 12-24 UNC X 2 (SEE THROUGH),FINITINON/ASSEMBLAGE,8438,,,3000,2.81266667,E4C,XX,,,N/A,,
18-VDOS-112-15-ZC / Desormeau TEKHR120150,"VIS DE DOS AUTOPERCEUSES T. HEX, ZINC 12-14X1 1/2",ASSEMBLAGE,12997,,,2500,5.1988,E3C,XX,,,N/A,,
18-VCMC-124-15-XX,"VIS CMC NATUREL 10-24 X 1  1/2""",CHANTIER,2638,,,3000,0.87933333,BOX 19,XX,,,N/A,,
18-VCMC-124-15-02,"VIS CMC BRONZE 10-24 X 1 1/2""",CHANTIER,4705,,,2500,1.882,E3R,XX,,,N/A,,
18-VRTC-5558-832-XX,"  VIS PAN COURT TEMPORAIRE POUR ROSETTES 8-32X5/8"" STAINLESS STEEL BQC4555",EXTRUSION,8713,,,4000,2.17825,BOX 30,XX,,,N/A,,
18-VRTL-6034-832-XX," VIS PAN LONG TEMPORAIRE POUR ROSETTES 8-32X3/4"" STAINLESS STEEL BQC4560",EXTRUSION,44000,,,4000,11,BOX 31,XX,,,N/A,,
18-VTRX-832-12-XX,"VIS TORX NATUREL 8-32 X 1/2""",CHANTIER,2811,,,10000,0.2811,BOX 19,XX,,,N/A,,
18-VTRX-124-15-XX,"VIS TORX NATUREL 10-24 X 1 1/2""",CHANTIER,0,,,4500,0,BOX 19,XX,,,N/A,,
18-VTRX-124-15-NO,"VIS TORX NOIR 10-24 X 1 1/2""",CHANTIER,82606,,,4450,18.5631461,"E2R,BOX 12, BOX 20, BOX 21, BOX 25",XX,,,N/A,,
18-VTRX-124-78-NO,"VIS TORX NOIR 10-24 X 7/8""",CHANTIER,97822,,,4000,24.4555,"E2R, BOX 20",XX,,,N/A,,
18-VTRX-832-12-NO,"VIS TORX NOIR 8-32 X 1/2""",CHANTIER,123762,,,15000,8.2508,"E2R,BOX 21",XX,,,N/A,,
LGOIR-BETON/MARBLE4,"WEDGE BOLTS 1/2X7""",CHANTIER,6,,,1,6,CONTAINEUR CHANTIER,XX,,,N/A,,
LGOIR-BETON/MARBLE5,"WEDGE BOLTS 1/2X6""",CHANTIER,8,,,1,8,CONTAINEUR CHANTIER,XX,,,N/A,,
LGOIR-BETON/MARBLE6,"WEDGE BOLTS 1/2X4""",CHANTIER,8,,,1,8,CONTAINEUR CHANTIER,XX,,,N/A,,
LGOIR-BETON/MARBLE7,"WEDGE BOLTS 5/8""X6""",CHANTIER,12,,,1,12,CONTAINEUR CHANTIER,XX,,,N/A,,
LGOIR-BETON/MARBLE8,"WEDGE BOLTS 10XKB3/4""X4 3/4""",CHANTIER,42,,,1,42,CONTAINEUR CHANTIER,XX,,,N/A,,
LGOIR-BETON/MARBLE9,"WEDGE BOLTS 1/2""X4 1/2""",CHANTIER,100,,,1,100,CONTAINEUR CHANTIER,XX,,,N/A,,
LGOIR-BETON/MARBLE10,"WEDGE BOLTS 3/8"" X3 3/4",CHANTIER,325,,,50,6.5,E2R,XX,,,N/A,,
LGOIR-SECURITY1,KEYS # 088,CHANTIER/USINE,11813,,,1,11813,TANK BLEU A COTE DE LA PORTE D'ENTRÉE,XX,,,N/A,,
18-ROSE-FCI-10-41,ROSETTE FLORALE CARRE INTERIEUR 1 PATTE FINI ANTIQUE BRONZE,CHANTIER/USINE,3550,,,450,7.88888889,"E2L,BOX 12(450)",XX,,,N/A,,
18-ROSE-FCI-00-41,ROSETTE FLORALE CARRE INTERIEUR 0 PATTE FINI ANTIQUE BRONZE,CHANTIER/USINE,877,,,450,1.94888889,E3L,XX,,,N/A,,
18-ROSE-FCI-20-41,ROSETTE FLORALE CARRE INTERIEUR 2 PATTES FINI ANTIQUE BRONZE,CHANTIER/USINE,1565,,,450,3.47777778,"E2L, BOX 51",XX,,,N/A,,
18-ROSE-FCI-30-41,ROSETTE FLORAL CARRE INTERIEUR 3 PATTES FINI ANTIQUE BRONZE,CHANTIER/USINE,4345,,,450,9.65555556,"E2L, BOX 34(900)",XX,,,N/A,,
18-ROSE-FCI-40-41,ROSETTE FLORAL CARRE INTERIEUR 4 PATTES FINI ANTIQUE BRONZE,CHANTIER/USINE,6584,,,450,14.6311111,E2L,XX,,,DECOSPEC,46093,
18-ROSE-SUP-M1-40,SUPPORT ROSETTE EXTERIEURS MACHINE T1 FINI NATUREL,CHANTIER/USINE,257,,,450,0.57111111,E3L,XX,,,N/A,,
18-ROSE-FRE-00-41 (BJ1127),"ROSETTE BJ1127 ANTIC BRASS ROSETTE FLORALE RONDE ALUMINIUM 3,5CM (JORDA)",CHANTIER,5111,,,1000,5.111,BOX 33,XX,,,N/A,,
18-ROSE-FCI-05-41,ROSETTE FLORAL CARRE INTERIEUR ANTIQUE BRONZE 0 PATTES AVEC CLE,CHANTIER,4114,,,450,9.14222222,"E3L, BOX 12(450)",XX,,,N/A,,
LGOIR-TOOL5,TAPE A MESURER DEWALT 16',USINE,6,,,1,6,ARMOIRE AVEC CLE T2,XX,,,N/A,,
LGOIR-LITTLE PIECE6,"ZINC-PLATED STEEL COUPLING NUT,LOW STREGHT, 10-32 X 5/16 X 3/4L THREAD SIZE",FINITION,160,,,10,16,ARMOIRE WITH LOCK,XX,,,N/A,,
LGOIR-TAPE2,RED TUCK TAPE,CRATAGE,14,,,1,14,E5L,XX,,,N/A,,
18-TRAM-24V-5A-SE,Transformateur 120 W 24 Volts DC - 5 Ampčres 4 SORTIES MOLEX (SEP),CHANTIER/ELECTRIQUE,49,,,1,49,ARMOIRE DU M. ELCTRIQUE,XX,,,SEP,46119,
18-RLED-200-03-SE,RONDELLE ELECTRIQUE,CHANTIER/ELECTRIQUE,15,,,1,15,ARMOIRE DU M. ELECTRIQUE,XX,,,N/A,,
LGOIR-TAPE3,WHITE MASKING TAPE,USINE,38,,,1,38,E5L,XX,,,N/A,,
LGOIR-BETON11,"ZINC PIN DRIVE ANCHOR 1/4""X2""",CHANTIER,1399,,,100,13.99,CONTAINEUR CHANTIER,XX,,,N/A,,
18-ROSE-FCI-20-43,ROSETTE FLORALE CARRE INTERIEUR 2 PATTES GOLD,CHANTIER,73,,,100,0.73,BOX 12,XX,,,N/A,,
18-ROSE-FCI-40-43,ROSETTE FLORALE CARRE INTERIEUR 4 PATTES GOLD,CHANTIER,188,,,450,0.41777778,BOX 12,XX,,,N/A,,
18-BLED-200-10-SE,BARRE LED 10`WARM WHITE SEMI FLEXIBLE,CHANTIER/USINE,1722,,,120,14.35,ARMOIRE DU M. ELECTRIQUE,XX,,,SEP,46119,
18-BLED-200-06-SE,"BARRE LED 6,75"" WARM WHITE SEMI FLEXIBLE",CHANTIER/USINE,1507,,,60,25.1166667,ARMOIRE DU M ELECTRIQUE,XX,,,SEP,46077,
LGOIR-PACKING1,BLOWN STRETCH FILM 18in X 1500'(TAPE TRANSPARENT A EMBALLER),CRATAGE,4,,,4,1,CONTAINEUR CHANTIER,XX,,,ULINE,,
LGOIR-PACKING2,"BANDING FILM 3"" X 1500'(TAPE TRANSPARENT A EMBALLER)",USINE,93,,,18,5.16666667,ETOPL,XX,,,N/A,,
LGOIR-PASTE18,LOCTITE MARINE GRADE ANTI-SEIZE 207ml,CHANTIER,89,,,6,14.8333333,E6R,XX,,,N/A,,
LGOIR-PLASTIC3,CORNER OF TRANSPARENT PLASTIC (11.875),CHANTIER,50,,,50,1,E6R,XX,,,N/A,,
18-COIP-013-XX-TR,CORNER OF TRANSPARENT PLASTIC (13.135) ,CHANTIER,997,,,600,1.66166667,E6R,XX,,,N/A,,
LGOIR-TAPE4,TAPE BLACK AND YELLOW (DO NOT TRESPASING,USINE,6,,,1,6,X,XX,,,N/A,,
LGOIR-LUBRICANT1,SOLID STICK CUTTING LUBRICANT COOL CUT,USINE,50,,,1,50,ETOPL,XX,,,N/A,,
LGOIR-PROTECTION7,EAR MUFF/COQUILLES D'OREILLES,USINE,6,,,1,6,X,XX,,,N/A,,
LGOIR-SCIE/SPARE1,"TURBO RIM FOR SMOOTH CUTS 5"" DIAMOND BLADE",CHANTIER,18,,,1,18,ARMOIRE AVEC CLE T3,XX,,,N/A,,
LGOIR-TOOL6,ANGLE DIE GRINDER/MEULEUSE,USINE,1,,,1,1,ARMOIRE AVEC CLE T3,XX,,,N/A,,
LGOIR-REVOLUTION /SPARE1,BEARING FLUSH TRIM BIT(FOR TOUPIE),USINE,4,,,1,4,X,XX,,,N/A,,
LGOIR-TOOL7,METAL COMBINATION SAQUARE,USINE,2,,,1,2,X,XX,,,N/A,,
LGOIR-TOOL8,DEAD BLOW HAMMER(MARTEAU ROUGE),USINE,11,,,1,11,ARMOIRE SANS CLE T1,XX,,,N/A,,
LGOIR-TOOL9,MARTEAU EN PLASTIC ORANGE,USINE,2,,,1,2,ARMOIRE SANS CLE T1,XX,,,N/A,,
LGOIR-TAPE5,DUCT TAPE GRIS 48mm,USINE,53,,,1,53,E5C,XX,,,FASTENAL,46104,
LGOIR-TOOL10,SNAP-OFF KNIFE/CUTEAU A LAME SECBLE,USINE,2,,,1,2,X,XX,,,N/A,,
LGOIR-LITTLEPIECETOOL1234,FRAISES 7/64,USINE,1,,,1,1,DESK,XX,,,N/A,,
LGOIR-PROTECTION8,EAR PLUGS,USINE,50,,,1,50,X,XX,,,N/A,,
LGOIR-SECURITY2,CADENAS/PADLOCKS 3KABLU/KEY2126,CHANTIER,20,,,1,20,X,XX,,,N/A,,
LGOIR-PACKING3,"2""HEAVY DUTY TAPE DISPENSER",USINE,6,,,1,6,ARMOIRE SANS CLE T1,XX,,,N/A,,
LGOIR-TAPE7,PAINTER'S TAPE FROG TAPE,USINE,8,,,1,8,E5L,XX,,,N/A,,
LGOIR-SCIE/SPARE2,CUT-OFF WHEEL/FREE CUT MEULE A TRANCONNER/DECOLLETAGE,CHANTIER,25,,,1,25,ARMOIRE AVEC CLE T2,XX,,,N/A,,
LGOIR-SCIE/SPARE3,"ZIP CUT 5"" X 3/64"" X 7/8 125 X 1.2 X 22,23 mm",CHANTIER,6,,,1,6,ARMOIRE AVEC CLE T3,XX,,,N/A,,
LGOIR-SCIE/SPARE4,"METAL CUT-OFF DIAMETER 4 1/2"" THICKNESS 1/16",CHANTIER,1,,,1,1,X,XX,,,N/A,,
LGOIR-SCIE/SPARE5,"BLACKSTONE CUTTING WHEEL 3"" X .040"" X 3/8"" 76 X 1 X 10 mm",CHANTIER,9,,,1,9,ARMOIRE AVEC CLE T2,XX,,,N/A,,
LGOIR-LITTLE PIECE7,CAL POUR VITRE,USINE,57,,,1,57,ARMOIRE SANS CLE T1,XX,,,N/A,,
LGOIR-PROTECTION9,HEARING  BAND WITH PLUG,USINE,36,,,1,36,X,XX,,,N/A,,
LGOIR-TOOL11,BENCH CLAMP,USINE,5,,,1,5,ARMOIRE SANS CLE T2,XX,,,N/A,,
LGOIR-PROTECTION /CLEANING10,SAFETY GLASS WIPES,USINE,720,,,120,6,X,XX,,,N/A,46105,
LGOIR-TAPE8,TAPE COLLANT POUR LEDS ROUGE,USINE,4,,,1,4,X,XX,,,N/A,,
LGOIR-TOOL/SPARE12,"STAPLES T50 1/2"" 12mm POUR AGRAFEUSE JAUNE",USINE,11250,,,1250,9,X,XX,,,Agrafbec,,
LGOIR-TOOL/SPARE13,LAME A EXACTEAU,USINE,210,,,1,210,ARMOIRE SANS CLE T1,XX,,,N/A,,
LGOIR-AIR/ACCESORY1,BLOW GUN,USINE,2,,,1,2,ARMOIRE AVEC CLE T4,XX,,,N/A,,
LGOIR-TOOL/SPARE14,"HACKSAW BLADE 12""",USINE,31,,,10,3.1,ARMOIRE SANS CLE T3,XX,,,N/A,,
LGOIR-TOOL/SPARE15,"HACKSAW BLADE 10""",USINE,2,,,1,2,ARMOIRE SANS CLE T3,XX,,,N/A,,
LGOIR-AIR/ACCESORY2,2 WAY MANIFOLD ASSEMBLY,USINE,2,,,1,2,X,XX,,,N/A,,
LGOIR-LUBRICANT2,HIGH TEMPERATURE LUB OIL,USINE,2,,,1,2,X,XX,,,N/A,,
LGOIR-MACHINERY/SPARE1,"LAME POUR SCIE A RUBAN 7'9""X3/8""",USINE,14,,,1,14,X,XX,,,N/A,,
LGOIR-PASTE19,LOCTITE MARINE GRADE ANTI-SEIZE 453.6ml,USINE,8,,,1,8,ETOPC,XX,,,N/A,,
LGOIR-DRILL1,"DRILL AND COUNTER SINK  7/64""/MECHE AVEC FRAISE",USINE,5,,,1,5,E6L,XX,,,N/A,,
LGOIR-DRILL2,"MECHE 7/64""",USINE,200,,,12,16.6666667,ARMOIRE AVEC CLE T2,XX,,,N/A,,
18-ROSE-FCI-40-40,ROSETTE FLORALE CARRE NATURELE 4 PATTES,CHANTIER,3150,,,450,7,"BOX 3(900), BOX 18 BIN 2",XX,,,DERO,46093,
18-ROSE-FCI-30-40,ROSETTE FLORALE CARRE NATURELE 3 PATTES,CHANTIER,2712,,,450,6.02666667,"BOX 3, BOX 9, BOX 18",XX,,,N/A,,
18-ROSE-FCI-20-40,ROSETTE FLORALE CARRE NATURELE 2 PATTES,CHANTIER,3239,,,450,7.19777778,"BOX 3, BOX 5, BOX 9,BOX 46",XX,,,N/A,,
18-ROSE-FCI-10-40,ROSETTE FLORALE CARRE NATURELE 1 PATTE,CHANTIER,3242,,,450,7.20444444,"BOX 5, BOX 7, BOX 9",XX,,,N/A,,
18-ROSE-FCI-00-40,ROSETTE FLORALE CARRE NATURELE 0 PATTES,CHANTIER,5795,,,450,12.8777778," BOX 5, BOX 7, BOX 35, BOX 36",XX,,,N/A,,
18-ROSE-FCI-05-40,ROSETTE FLORALE CARRE NATURELE CLE,CHANTIER,1775,,,450,3.94444444,"BOX 1 , BOX 2, BOX 4, BOX 6, BOX 18",XX,,,N/A,,
DIV-1F-3M/ 18-SPLT-1T3-3M-SE,SPLIT POUR TRANSFO PLUSIEURS SORTIES (1SPLIT=2SORTIES DE PLUS),CHANTIER/ELECTRIQUE,26,,,1,26,ARMOIRE DU M. ELECTRIQUE,XX,,,N/A,,
LGOIR-METAL3,"ROD S/S 1/2 x17""",CHANTIER,0,,,1,0,E3C,XX,,,N/A,,
LGOIR-METAL4,"ROD S/S 1/2 x 15""",CHANTIER,1,,,1,1,E3C,XX,,,N/A,,
LGOIR-METAL5,"ROD S/S 1/2 x 16""",CHANTIER,0,,,1,0,E3C,XX,,,N/A,,
LGOIR-METAL6,"ROD S/S 1/2 x 12""",CHANTIER,26,,,1,26,E3C,XX,,,N/A,,
LGOIR-METAL7,"ROD S/S 1/2 x 9""",CHANTIER,0,,,1,0,E3C,XX,,,N/A,,
LGOIR-METAL8,"ROD S/S 1/2 x 8""",CHANTIER,34,,,1,34,E3C,XX,,,N/A,,
LGOIR-METAL9,"ROD S/S 1/2 x 10""",CHANTIER,39,,,1,39,E3C,XX,,,N/A,,
LGOIR-METAL10,"ROD S/S 1/2 x145""",CHANTIER,0,,,1,0,A COTE DE L'ESCALIER,XX,,,N/A,,
LGOIR-METAL11,"ROD S/S 1/2 x 72""",CHANTIER,81,,,1,81,A COTE DE L'ESCALIER,XX,,,N/A,,
LGOIR-SCIE/SPARE6,"FINE FINISH BLADE/LAME DE FINITION FINE 10""",USINE,1,,,1,1,X,XX,,,N/A,,
LGOIR-METAL12,"ROD S/S 1/2 x 19""",CHANTIER,0,,,1,0,E3C,XX,,,N/A,,
18-ROSE-FCI-10-42,ROSETTE FLORALE CARRE INTERIEUR 1 PATTE FINI ETAIN,CHANTIER,1415,,,450,3.14444444,BOX 7,XX,,,N/A,,
18-ROSE-FCI-20-42,ROSETTE FLORALE CARRE INTERIEUR 2 PATTE FINI ETAIN,CHANTIER,698,,,450,1.55111111, BOX 14,XX,,,N/A,,
18-ROSE-FCI-30-42,ROSETTE FLORALE CARRE INTERIEUR 3 PATTE FINI ETAIN,CHANTIER,710,,,450,1.57777778,"BOX 7, BOX 14",XX,,,N/A,,
18-ROSE-FCI-40-42,ROSETTE FLORALE CARRE INTERIEUR 4 PATTE FINI ETAIN,CHANTIER,261,,,450,0.58, BOX 14,XX,,,N/A,,
18-ROSE-FCI-05-42,ROSETTE FLORALE CARRE INTERIEUR CLE FINI ETAIN,CHANTIER,215,,,450,0.47777778," BOX 4, BOX 14",XX,,,N/A,,
LGOIR-METAL13,"ROD S/S 1/2 x 5""",CHANTIER,0,,,1,0,E3C,XX,,,N/A,,
LGOIR-METAL14,ROULEAUX DE STRAP METAL 3/4 X 020 12 CL SKID (MODEL NUMBER S-826),CRATAGE,7,,,1,7,CRATAGE,XX,,,N/A,,
18-ROSE-FCI-20-05,ROSETTE FLORAL CARRE INTERIEUR CHAMPAGNE 2 PATTES,CHANTIER,96,,,450,0.21333333, BOX 3,XX,,,N/A,,
18-ROSE-FCI-40-05,ROSETTE FLORAL CARRE INTERIEUR CHAMPAGNE 4 PATTES,CHANTIER,43,,,450,0.09555556,BOX 3,XX,,,N/A,,
18-ROSE-PCI-00-40,ROSETTE PYRAMIDAL NATUREL 0 PATTES,CHANTIER,2750,,,450,6.11111111," BOX 1, BOX 10, BOX 11",XX,,,N/A,,
18-ROSE-PCI-00-41,ROSETTE PYRMIDAL 0 PATTES ANTIQUE BRONZE,CHANTIER,428,,,450,0.95111111,BOX 6,XX,,,N/A,,
18-ROSE-PCI-05-40,ROSETTE PYRAMIDAL NATUREL CLE,CHANTIER,6122,,,450,13.6044444,"BOX 1, BOX 2, BOX 6",XX,,,N/A,,
18-ROSE-PCI-05-41,ROSETTE PYRAMIDAL FINI ANTIQUE BRONZE CLE,CHANTIER,110,,,450,0.24444444,BOX 4,XX,,,N/A,,
18-ROSE-PCI-05-42,ROSETTE PYRAMIDAL FINI ETAIN CLE,CHANTIER,622,,,450,1.38222222,BOX 8,XX,,,N/A,,
18-ROSE-PCI-10-40,ROSETTE PYRAMIDAL NATUREL 1 PATTE,CHANTIER,2638,,,450,5.86222222,"BOX 1, BOX 10",XX,,,N/A,,
18-ROSE-PCI-10-41,ROSETTE PYRAMIDAL FINI ANTIQUE BRONZE 1 PATTE,CHANTIER,424,,,450,0.94222222, BOX 6,XX,,,N/A,,
18-ROSE-PCI-10-42,ROSETTE PYRAMIDAL FINI ETAIN 1 PATTE,CHANTIER,547,,,450,1.21555556, BOX 8,XX,,,N/A,,
18-ROSE-PCI-20-40,ROSETTE PYRAMIDAL NATUREL 2 PATTES,CHANTIER,3413,,,450,7.58444444,"BOX 1, BOX 40, BOX 44",XX,,,N/A,,
18-ROSE-PCI-20-41 (E81012 2P),ROSETTE PYRAMIDAL FINI ANTIQUE BRONZE 2 PATTES,CHANTIER,5043,,,450,11.2066667,"BOX 6, BOX 12, BOX 35",XX,,,N/A,,
18-ROSE-PCI-20-42,ROSETTE PYRAMIDAL FINI ETAIN 2 PATTES,CHANTIER,945,,,450,2.1,"BOX 8, BOX 9, MON BURAEU",XX,,,N/A,,
18-ROSE-PCI-30-40,ROSETTE PYRAMIDAL NATUREL 3 PATTES,CHANTIER,2878,,,450,6.39555556,"BOX 1, BOX 6, BOX 10",XX,,,N/A,,
18-ROSE-PCI-30-41,ROSETTE PYRAMIDAL FINI ANTIQUE BRONZE 3 PATTES,CHANTIER,273,,,450,0.60666667,OUTSIDE BOX 6,XX,,,N/A,,
18-ROSE-PCI-30-42,ROSETTE PYRAMIDAL FINI ETAIN 3 PATTES,CHANTIER,497,,,450,1.10444444, BOX 8,XX,,,N/A,,
18-ROSE-PCI-40-40,ROSETTE PYRAMIDAL NATUREL 4 PATTES,CHANTIER,3382,,,450,7.51555556," BOX 1, BOX 40",XX,,,N/A,,
18-ROSE-PCI-40-41 (E81012 4P),ROSETTE PYRAMIDAL FINI ANTIQUE BRONZE 4 PATTES,CHANTIER,6155,,,450,13.6777778," BOX 17, BOX 34",XX,,,N/A,,
18-ROSE-PCI-40-42,ROSETTE PYRAMIDAL FINI ETAIN 4 PATTES,CHANTIER,235,,,450,0.52222222, BOX 8,XX,,,N/A,,
B455.40.30.N (2 PATTES AB),ROSETTE SPECIAL PESSANT FINI ANTIQUE BRONZE 2 PATTES,CHANTIER,454,,,450,1.00888889, BOX 11,XX,,,N/A,,
B455.40.40.N    (18-ROSE-FCI-05-41),ROSETTE FLORAL ANCIENE,CHANTIER,1051,,,450,2.33555556, BOX 4(1051),XX,,,N/A,,
B455.40.50.N,ROSETTE ANGULAR,CHANTIER,281,,,450,0.62444444, BOX 11,XX,,,N/A,,
B456.35.00.N,ROSETTE DE CRYPT TORCHE CARREE BRONZE,CHANTIER,509,,,450,1.13111111, BOX 4,XX,,,N/A,,
BJ1125 (E-81003),ROSETTE RONDE,CHANTIER,2097,,,1000,2.097,"BOX 4, CONTAINEUR CHANTIER",XX,,,N/A,,
BJ1128 (E-81011),ROSETTE RONDE ,CHANTIER,12580,,,1000,12.58,"BOX 4,  BOX 7, CONTAINEUR CHANTIER",XX,,,N/A,,
LGOIR-TAPE88101,ROULEAU DE TAPE BLEU DE LEDS,ELECTRIQUE,1,,,1,1,ARMOIRE AVEC CLE,XX,,,N/A,,
LGOIR-VISFIN Desormeau Vbpcz100075,"VIS A BOIS T. PLATE. PR. CARREE ZINC # 10-13 X 3/4""",FINITION,11330,,,6250,1.8128,E4C,XX,,,N/A,,
DR55.40.05 YVES LÉGARÉ,ROSETTE YVES LÉGARÉ,CHANTIER,1493,,,450,3.31777778, BOX 11,XX,,,N/A,,
DRB1012.10BRZ (C81012.1P),ROSETTE,CHANTIER,82,,,450,0.18222222,BOX 4,XX,,,N/A,,
DSUPPORTALU.   ,ROSETTE,CHANTIER,451,,,450,1.00222222, BOX 2,XX,,,N/A,,
DSUPPORTTYPE2.    ,ROSETTE SUPPORT,CHANTIER,432,,,450,0.96, BOX 2,XX,,,N/A,,
E81011.PV,ROSETTE DE CRYPT,CHANTIER,159,,,450,0.35333333, BOX 4,XX,,,N/A,,
SB81003,ROSETTE?,CHANTIER,1711,,,450,3.80222222, BOX 7,XX,,,N/A,,
LGOIR-WIRE1,ELECTRIQUE LLS,CHANTIER/ELECTRIQUE,0,,,1,0," BOX 15,  BOX 16, BOX 24, BOX 29",XX,,,N/A,,
LGOIR-REVOLUTION / SPARE2,DISQUE A ABRASIF 80+,USINE,50,,,50,1,"ARMOIRE AVEC CLE,DESK",XX,,,GRAINGER,,
LGOIR-SAFETY / TOOL16,KNEELING MAT,USINE,5,,,1,5,X,XX,,,N/A,,
LGOIR-PLASTIC / ACCESORY4,LITTLE BROWN PLASTIC PLUG,CHANTIER,933,,,993,0.93957704,E6R,XX,,,N/A,,
LGOIR-PLASTIC/ ACCESORY5,LITTLE BLACK PLASTIC PLUG,CHANTIER,8787,,,5000,1.7574,E6R,XX,,,N/A,,
LGOIR-PLASTIC / ACCESORY6,LITTLE GRAY PLASTIC PLUG,CHANTIER,950,,,950,1,E6R,XX,,,N/A,,
LGOIR-PLASTIC / ACCESORY7,LITTLE GREEN PLASTIC PLUG,CHANTIER,900,,,900,1,E6R,XX,,,N/A,,
LGOIR-PLASTIC / ACCESORY8,LITTLE RED PLASTIC PLUG,CHANTIER,1620,,,950,1.70526316,E6R,XX,,,N/A,,
LGOIR-PLASTIC/ ACCESORY9,DUCT TAPE GRIS 24mm ,USINE,6,,,1,6,E5C,XX,,,N/A,,
18-JUMP-COU-01-SE,"JUMPER COURT - 1""",CHANTIER/ELECTRIQUE,594,,,500,1.188,ARMOIRE DU M. ELECTRIQUE,XX,,,SEP,Waiting,
18-FOMT-14S-37-NO,"FOAMTAPE 1/4"" X 9/32 X 37.5'",EXTRUSION,109237,,,2400,45.5154167,E6C,XX,,,N/A,,
18-FDMD-008-20-SE /FD-8-20-B-MM,"BULLET CONNECTOR MOLEX COURT -8""",EXTRUSION/ELECTRIQUE,52,,,50,1.04,ARMOIRE DU M. ELECTRIQUE,XX,,,N/A,,
18-FDMD-024-20-SE/ FD-20-20-B-MM ,"BULLET CONNECTOR MOLEX LONG- 24""",FINITION/ELECTRIQUE,131,,,1,131,ARMOIRE DU M. ELECTRIQUE,XX,,,N/A,,
LGOIR-PROTECTION /PLASTIC11,HEADGEAR WITH FACESHIELD/CASQUE ET VISIERE,USINE,13,,,1,13,X,XX,,,N/A,,
LGOIR-PLASTIC10,CACHE FILS ROND 5',USINE/CHANTIER,18.6125,,,1,18.6125,X,XX,,,N/A,46097,
18-FILY-COU-04-NO,"FILS ""Y"" - 4""-6""- RONDELLE",CHANTIER/ELECTRIQUE,25,,,1,25,ARMOIRE DU M. ELECTRIQUE,XX,,,N/A,,
18-FILY-MED-12-NO,"FILS ""Y"" -12"" -12"" - NICHE CONCAVE OU DIAMANT",CHANTIER/ELECTRIQUE,95,,,1,95,ARMOIRE DU M. ELECTRIQUE,XX,,,N/A,,
18-FILY-LON-18-NO,"FILS ""Y"" -18""-34""-NICHE A COTE D'ACLOVE",CHANTIER/ELECTRIQUE,14,,,1,14,ARMOIRE DU M. ELECTRIQUE,XX,,,N/A,,
18-FDFF-012-18-SE/ FD-12S-18-MF-11,"CONNECTEUR VERTICAL MOLEX 11 SORTIES @12""(HARNESS)",CHANTIER/ELECTRIQUE,84,,,1,84,ARMOIRE DU M. ELECTRIQUE,XX,,,SEP,46119,
18-FDMF-144-18-SE /FD-144-18-MM-MF,"LEAD MOLEX- 12'-0"" (144"")",CHANTIER,119,,,1,119,ARMOIRE DU M. ELECTRIQUE,XX,,,SEP,46119,
LGOIR-DRILL3,MECHE 29,USINE,39,,,1,39,ARMOIRE AVEC CLE,XX,,,N/A,,
18-FDFF-112-18-SE14,"CONNECTEUR VERTICAL MOLEX 14 SORTIES @12""",CHANTIER/ELECTRIQUE,1,,,1,1,ARMOIRE DU M. ELECTRIQUE,XX,,,N/A,,
LGOIR-WIRE2,CLASS 2 TRANSFORMER(PETITES BOITES BLANCHES),CHANTIER/ELECTRIQUE,1,,,1,1,ARMOIRE DU M. ELECTRIQUE,XX,,,N/A,,
LGOIR-PROTECTION /PLASTIC12,FACESHIELD/VISIERE,USINE,22,,,1,22,ARMOIRE EN BOIS,XX,,,N/A,,
LGOIR-METAL15,"ROD S/S 1/2"" X 11""",CHANTIER,3,,,1,3,E2C,XX,,,N/A,,
LGOIR-DRILL4,IMPACT BIT SQUARE SQ2,USINE,43,,,1,43,ARMOIRE AVEC CLE,XX,,,N/A,,
LGOIR-PINCE1,QUICK ADJUST WIRE STRIPPER,USINE,4,,,1,4,ARMOIRE AVEC CLE,XX,,,N/A,,
LGOIR-TAPE9,TAPE  DE ETIQUETE FRAGILE,USINE,1,,,1,1,ARMOIRE AVEC CLE,XX,,,N/A,,
LGOIR-LITT1251,LOCK WASHERS 3/4 RONDELLES RESSORT,CHANTIER,24,,,1,24,BOITE TRANSPARENT PLASTIQUE CONT CHANTIER,XX,,,N/A,,
LGOIR-ACCESORY/SPARE,NUTSET WITH MAGNET 5/16 X 1-7/8,FINITION,17,,,1,17,ARMOIRE AVEC CLE,XX,,,N/A,,
LGOIR-PINCE2,PINCE A COUPER DES FILS/WIRE CUTTERS,USINE/ELECTRIQUE,4,,,1,4,ARMOIRE AVEC CLE,XX,,,N/A,,
LGOIR-PINCE3,"4-1/2"" LONG NOSE PLIER",USINE,1,,,1,1,ARMOIRE AVEC CLE T3,XX,,,N/A,,
LGOIR-DRILL/SPARE5,MECHE 7/32,USINE,24,,,1,24,ARMOIRE AVEC CLE,XX,,,N/A,,
LGOIR-TOOL17,DEBURRING SYSTEM,USINE,12,,,1,12,ARMOIRE AVEC CLE,XX,,,N/A,,
LGOIR-WIRE3,ANCIEN TRANSFO MARCUS MC150B 150VA 60Hz,ELECTRIQUE,3,,,1,3,ARMOIRE SANS CLE,XX,,,N/A,,
LGOIR-TOOL18,GUN A SILICONE,USINE,2,,,1,2,ARMOIRE AVEC CLE,XX,,,N/A,,
LGOIR-DRILL/SPARE6,IMPACT BIT SQUARE SQ3,USINE,42,,,2,21,ARMOIRE AVEC CLE,XX,,,N/A,,
18-BAKH-024-01,CROCHET DE ALUMINIUM,ASSEMBLAGE,1138,,,25,45.52,BOX 23,XX,,,MMS,46087,
18-FGRI-LON-MF-GR,ROULEAUX DE FILS ELECTRIQUE,USINE/ELECTRIQUE,104146,,,5905,17.6369179,ARMOIRE DU M. ELECTRIQUE,XX,,,N/A,,
LGOIR-WIRE5,"CONNECTEUR VERTICAL MOLEX  22 SORTIES @12""(HARNESS)",CHANTIER/ELECTRIQUE,1,,,1,1,ARMOIRE DU M. ELECTRIQUE,XX,,,N/A,,
FD-125-18-MF-100/ 18-FDFF-112-18-SE,"CONNECTEUR VERTICAL MOLEX 100 SORTIES @12""(HARNESS)",CHANTIER/ELECTRIQUE,-0.88,,,1,-0.88,ARMOIRE DU M ELECTRIQUE,XX,,,SEP,,
LGOIR-LITTLE PIECE8 Desormeau 6scocn8320038,#8-32 UNC X 3/8 VIS D'ARRET A 6 P/C PTE CONIQUE NOIR,EXTRUSION,5000,,,1000,5,ARMOIRE AVEC CLE,XX,,,N/A,,
LGOIR-PROTECTION13,GANTS BLEU NITRILE/ BLUE NITRILE GLOVES MEDIUM,USINE,85,,,25,3.4,ARMOIRE SANS CLE,XX,,,N/A,,
LGOIR-UNION-12-MM,"RALLONGE DE TRASNFO 12"" M-M",CHANTTIER/ELECTRIQUE,0,,,1,0,ARMOIRE DU M. ELECTRIQUE,XX,,,N/A,,
LGOIR-TOOL19,SILVER BLACK CENTER PUNCHWITH TIPS,USINE,3,,,1,3,ARMOIRE SANS CLE,XX,,,N/A,,
LGOIR-GLUE1,WOOD GLUE- COLLE A BOIS 150 ML,USINE,1,,,1,1,ARMOIRE SANS CLE,XX,,,N/A,,
LGOIR-GLUE2,SUPER GLUE - SUPER COLLE 20 ML,USINE,4,,,1,4,ARMOIRE SANS CLE,XX,,,N/A,,
LGOIR-LITTLE PIECE9,"#8-32 UNC X 0.217"" SHORT LGT BRASS PLAIN (REPARATION D'EXTRUTION)",USINE/EXTRUTION,700,,,100,7,ARMOIRE AVEC CLE,XX,,,N/A,,
LGOIR-DRILL/SPARE7,MECHE 1/8,USINE,0,,,1,0,DESK,XX,,,N/A,,
LGOIR-DRILL/SPARE8,MECHE LONG 1/4,USINE,3,,,1,3,ARMOIRE SANS CLE,XX,,,N/A,,
LGOIR-DRILL/SPARE9,MECHE 10-24 UNC H3 2 FLUTE DRILL'N'TAP ,USINE,30,,,1,30,ARMOIRE AVEC CLE,XX,,,N/A,,
LGOIR-DRILL/SPARE10,MECHE BLUE WIZARD 10-24,USINE,5,,,1,5,ARMOIRE SANS CLE,XX,,,N/A,,
LGOIR-DRILL/SPARE11,MECHE ANSI STUB DRILL # 25,USINE,26,,,1,26,ARMOIRE SANS CLE,XX,,,N/A,,
LGOIR-DRILL/SPARE12,TAP MECHE BLUE MERLIN 8-32,USINE,24,,,1,24,ARMOIRE SANS CLE,XX,,,McMASTER,46093,
LGOIR-DRILL/SPARE13,TAP MECHE BLUE MERLIN 10-24,USINE,19,,,1,19,ARMOIRE SANS CLE,XX,,,N/A,,
LGOIR-DRILL/SPARE14,MECHE #8-32 UNC H3 2 FLUTE DRILL'N'TAP,USINE,20,,,1,20,ARMOIRE AVEC CLE,XX,,,N/A,,
LGOIR-DRILL/SPARE15,MECHE ANSI STUB DRILL # 29,USINE,42,,,1,42,ARMOIRE SANS CLE,XX,,,N/A,,
LGOIR-DRILL/SPARE16,"HSS SPIRAL POINT TAP 1/4""-20",USINE,6,,,1,6,ARMOIRE SANS CLE,XX,,,N/A,,
LGOIR-DRILL/SPARE17,TAP MECHE BLUE MERLIN 1/4-20,USINE,4,,,1,4,ARMOIRE SANS CLE,XX,,,N/A,,
LGOIR-SCIE/SPARE7,BI-METAL JIGSAW BLADES/LAMES DE SCIE SAUTEOUSE BIMETALLIQUES,USINE,3,,,1,3,ARMOIRE SANS CLE,XX,,,N/A,,
LGOIR-DRILL/SPARE18,# 29 HSS JOBBER DRILL(PLUS LONG),USINE,2,,,1,2,ARMOIRE SANS CLE,XX,,,N/A,,
LGOIR-DRILL/SPARE19,5/16 HSS JOBBER DRILL SPLIT POINT BLACK AND GOLD,USINE,10,,,1,10,ARMOIRE SANS CLE,XX,,,N/A,,
LGOIR-DRILL/SPARE20,MECHE 27,USINE,12,,,1,12,ARMOIRE SANS CLE,XX,,,N/A,,
LGOIR-DRILL/SPARE21,HSS DRILL FORET 7/32,USINE,1,,,1,1,ARMOIRE SANS CLE,XX,,,N/A,,
LGOIR-DRILL/SPARE22,"MECHE BOSCH 1/8"" GOLD",USINE,1,,,1,1,ARMOIRE SANS CLE,XX,,,N/A,,
LGOIR-DRILL/SPARE23,"MECHE BOSCH 5/64""",USINE,1,,,1,1,ARMOIRE SANS CLE,XX,,,N/A,,
LGOIR-TOOL20,ALLEN KEYS,USINE,9,,,1,9,ARMOIRE SANS CLE,XX,,,N/A,,
LGOIR-DRILL24,COBALT JOBBER DRILL SPLIT POINT BLACK AND GOLD # 36,USINE,0,,,1,0,ARMOIRE SANS CLE,XX,,,N/A,,
LGOIR-SPARE1,SNAP-OFF BLADES/LAMES SECABLES,USINE,180,,,20,9,ARMOIRE SANS CLE,XX,,,N/A,,
LGOIR-TOOL21,TAPE MESURE & SPEED TAPE,USINE,4,,,1,4,ARMOIRE SANS CLE,XX,,,N/A,,
LGOIR-TOOL22,SUCE NOIR(VENTOUSE),USINE,46,,,1,46,ARMOIRE SANS CLE,XX,,,N/A,,
LGOIR-TOOL23,WIRE STRIPPING TOOL,USINE,1,,,1,1,ARMOIRE SANS CLE,XX,,,N/A,,
LGOIR-TOOL24,SNAP RING PLIERS SET/JEU DE PINCES POUR ANNEAUX DE RETENU,USINE,1,,,1,1,ARMOIRE SANS CLE,XX,,,N/A,,
LGOIR-TOOL25,SPEED ROLLER,USINE,1,,,1,1,ARMOIRE SANS CLE,XX,,,N/A,,
LGOIR-ACCESORY1,DEBURRING BLADES,USINE,23,,,1,23,ARMOIRE SANS CLE,XX,,,N/A,,
LGOIR-DRILL/SPARE25,"ROUTER BIT/MECHE DE TOUPIE 3/8""",USINE,1,,,1,1,ARMOIRE SANS CLE,XX,,,N/A,,
LGOIR-DRILL/SPARE26,FRAISE A DEBOURER,USINE,6,,,1,6,ARMOIRE SANS CLE,XX,,,N/A,,
LGOIR-DRILL/SPARE27,MECHE # 28,USINE,1,,,1,1,ARMOIRE SANS CLE,XX,,,N/A,,
LGOIR-LUBRICANT 3,LUBRICANT/PENETRANT WD-40,USINE,2,,,1,2,ARMOIRE SANS CLE,XX,,,N/A,,
LGOIR-WIRE7,ANCIEN TRANSFO WA-110 10 AMP 4 TWIN PLUG 110/24,ELECTRIQUE,1,,,1,1,ARMOIRE SANS CLE,XX,,,N/A,,
LGOIR-WIRE8,ANCIEN TRANSFO WA-110 10AMP 120/24,ELECTRIQUE,1,,,1,1,ARMOIRE SANS CLE,XX,,,N/A,,
LGOIR-LITTLE PIECE10,#10 -24 X 3/8 VIS D'ARRET PTE PLAT,EXTRUSION,500,,,100,5,ARMOIRE AVEC CLE,XX,,,N/A,,
LGOIR-LITTLE PIECE11,"#10-24 UNC X 1"" VIS MACHINE T. RONDE COMBINEE/CARREE ZINC",EXTRUSION,5000,,,100,50,E5C,XX,,,N/A,,
LGOIR-LITTLE PIECE12,#10-24X 3/8 POINT CONIQUE VIS D'ARRET,EXTRUSION,3500,,,1,3500,ARMOIRE AVEC CLE,XX,,,N/A,,
LGOIR-LITTLE PIECE13 Desormeau VMPCZ10240050,#10-24 UNC X 1/2 VIS MACHINE T. PLATE CARREE ZINC,EXTRUSION,1500,,,1,1500,ARMOIRE AVEC CLE,XX,,,N/A,,
LGOIR-LITTLE PIECE14,#10-24 UNC X 3/4 VIS MACHINE T.PLATE CARRE ZINC,EXTRUSION,1000,,,1,1000,ARMOIRE AVEC CLE,XX,,,N/A,,
LGOIR-LITTLE PIECE15  Desormeau 6SCOCN8320025,#8-32 UNC X 1/4 VIS D'ARRET PTE CONIQUE NOIR,EXTRUSION,5000,,,1,5000,ARMOIRE AVEC CLE,XX,,,N/A,,
LGOIR-LITTLE PIECE16,10-24 LOCK NUT GR 5 ZC,FINITION,377,,,1,377,ARMOIRE AVEC CLE,XX,,,N/A,,
LGOIR-OLD1,"JOINT CONNECTOR BOLT-LOW PROFILE HEAD WITH SHOULDER (5mm HEX DRIVE) 1/4""-20 UNC THREAD X 40mm LGTH UNDER HEAD, STEEL BLACK OXIDE FINISH(SEE THROUG A L'ANCIENNE)",SPECIAL,215,,,1,215,BOITE TRANSPARENT PLASTIQUE CONT CHANTIER,XX,,,N/A,,
LGOIR-LITTLE PIECE17,NUT 8-32,FINITION,500,,,1,500,ARMOIRE AVEC CLE,XX,,,N/A,,
LGOIR-LITTLE PIECE 29442,VIS 8-32 X 5/8 MECHANIQUE MS ETOILE TETE PLAT / PHILLIPS DRIVE FLAT HEAD ZINC STEEL MACHINE  SCREW  29442,USINE,500,,,1000,0.5,ARMOIRE AVEC CLE,XX,,,FASTEANL,46078,
LGOIR-LITTLE PIECE19,#10-24 UNC X 7/16 VIS D'ARRET A 6 P/C PTE CONIQUE NOIR,EXTRUSION,800,,,1,800,ARMOIRE AVEC CLE,XX,,,N/A,,
LGOIR-LITTLE PIECE20,10-24 X3/8 POINTE PLAT VIS D'ARRET ,EXTRUSION,500,,,1,500,ARMOIRE AVEC CLE,XX,,,N/A,,
LGOIR-SPARES/CARPENTEER6," 16 GAUGE GALV CHISEL POINT MEDIUM CROWN STAPLES 7/16""(11mm) 1-1/2"" LENGTH(38mm).",CRATAGE,60000,,,10000,6,"G,CRATAGE",XX,,,N/A,,
LGOIR-TAPE10,ACRYLIC ADHESIVE TAPE( BOXING TAPE),USINE,148,,,36,4.11111111,J,XX,,,N/A,,
18-ROSE-SUP-T1-40,SUPPORT  ROSETTE EXTERIEURE T1 FINI NATUREL,CHANTIER/USINE,13093,,,1,13093,E1R,XX,,,N/A,,
18-ROSE-SUP-T4-40,ROSETTE SUPPORT ALUMINIUM(EXTRUSION MACHINEE),CHANTIER/USINE,1207,,,1,1207,"E3R, BOX 18 BIN 2(411)",XX,,,N/A,,
LGOIR-TOOL26,MINI BOLT CUTTER/MINI COUPE-BOULON,USINE,1,,,1,1,ARMOIRE SANS CLE,XX,,,N/A,,
LGOIR-WIRE9, YELLOW JACKET EXTENSION DE COURANT DE 6 PRISES,ELECTRIQUE,1,,,1,1,ARMOIRE DU M. ELECTRIQUE,XX,,,N/A,,
LGOIR-SPARE2,FILTRE POUR ASPIRATEURS,USINE,9,,,2,4.5,ARMOIRE DU M. ELECTRIQUE,XX,,,N/A,,
LGOIR-WIRE10,"CONNECTEUR VERTICAL MOLEX 10 SORTTIES @ 14""",ELECTRIC,9,,,1,9,ARMOIRE DU M. ELECTRIQUE,XX,,,N/A,,
LGOIR-PACKING4,ROULEAUX DE CARTON ONDULE/CORRUGATED CARDBOARD ROLL,USINE,2,,,1,2,"CONTAINER DU FOND, CRATAGE",XX,,,ULINE,46086,
LGOIR-INK,TOUCH UP LIGHT BRONZE,USINE,10,,,1,10,KEITH'S OFFICE,XX,,,N/A,,
FD-12S-18-MF-05/ 18-FDFF-112-18-SE,"CONNECTEUR VERTICAL MOLEX 5 SORTIES @ 12""",ELECTRIQUE,2,,,1,2,ARMOIRE DU M. ELECTRIQUE,XX,,,N/A,,
LGOIR-LIQUID14,CLAIRE DUST UP( DUST MOP TREATMENT /TRAITEMENT POUR VADROUILLES,USINE,7,,,1,7,ARMOIRE SANS CLE,XX,,,N/A,,
LGOIR-PASTE20,KWIK SEAL ADHESIVE CAULK/CALFEURANT ADHESIF WHITE/BLANC,USINE,2,,,1,2,ARMOIRE SANS CLE,XX,,,N/A,,
LGOIR-LIQUID 15,JIG-A -LOO LUBRIFIANT TOUT USAGE/ ALL AROUND LUBRIFIANT,USINE/CHANTIER,13,,,1,13,"ETOPC,ARMOIRE SANS CLE",XX,,,N/A,,
LGOIR-BETON/MARBLE12,"WEDGE BOLT 1/2""-13X2-3/4""",CHANTIER,8,,,1,8,E6L,XX,,,N/A,,
LGOIR-BETON/MARBLE13,"MANCHON ANCRAGE 1/2-13X2""",CHANTIER,3,,,1,3,CONTAINER CHANTIER,XX,,,N/A,,
LGOIR-BETON/MARBLE14,"OUTIL INSTAL ANCRAGES PROFONDS 1/2""",CHANTIER,1,,,1,1,CONTAINER CHANTIER,XX,,,N/A,,
LGOIR-PROTECTION14,CUT RESISTANT  HPPE SLEEVE BLACK/MANCHES DE PROTECTION NOIR,USINE,14,,,1,14,ETOPC,XX,,,N/A,,
LGOIR-PROTECTION15,CUT RESISTANT  SLEEVE WHITE/MANCHES DE PROTECTION BLANCHES,USINE,160,,,40,4,ETOPC,XX,,,N/A,,
LGOIR-PACKING5,"ROULEAUX DE FILM DE POLYETHYLENE RENFORCE– 6 mil, 20 pi x 100 pi",CRATAGE,8,,,1,8,CRATAGE,XX,,,ULINE,Waiting,
LGOIR-PLASTIC/ACCESORY11,BLACK BTN PLUG,USINE ,18660,,,5000,3.732,ETOPC,XX,,,N/A,,
LGOIR-SPARE/CARPENTEER7,WIRE WELD COIL NAILS/ CLOUS EN BOBINE N04-205P,CRATAGE,31500,,,4500,7,"G,CRATAGE",XX,,,N/A,,
LGOIR-LITTLE PIECE/PACKING21,STEEL STRAPPING SEALS  S-828 3/4 OPEN METAL SEALS ,CRATAGE,5000,,,1000,5,G,XX,,,N/A,,
LGOIR-TOOL9910,POIGNEE DE DRILL,USINE,3,,,1,3,ARMOIRE AVEC CLE,XX,,,N/A,,
LGOIR-CARPEINTEER8,"PLYWOOD 3/4"" X 4' X 8' ",CRATAGE/CHANTIER/USINE,25,,,1,25,CRATAGE,XX,,,N/A,,
LGOIR-CARPEINTEER9,"PLYWOOD 3/8""",FNINITON/CRETAGE,21,,,1,21,CRETAGE,XX,,,LEFEBVRE ET BENOIT,46093,
18-FEPL-408-58-GR,FEUILLES DE PLASTIQUE RECYCLE,CRATAGE,66,,,35,1.88571429,CRATAGE,XX,,,N/A,,
LGOIR-TOOL7710,"HIGH CONTRAST SQUARE 7""/EQUERRE A HAUT CONTRASTE 7""",USINE,1,,,1,1,ARMOIRE AVEC CLE,XX,,,N/A,,
18-TRAO-24V-5A-SE,TRANSFO LED 120W 24V 4 SORTIES (vieu connecteur),ELECTRIC,7,,,1,7,ARMOIRE DU M. ELECTRIQUE,XX,,,N/A,,
LGOIR-MISC1,"2"" X 75' WHITE VELCRO STRIPS HOOKS TAPE",ORGANIZATION,1,,,1,1,ARMOIRE DU M. ELECTRIQUE,XX,,,N/A,,
LGOIR-MISC2,BLACK STICKY BACK FASTENERS/ATTACHES AUTOCOLLANTES,ORGANIZATION,1,,,1,1,ARMOIRE DU M. ELECTRIQUE,XX,,,N/A,,
LGOIR-MISC3,TAPIS DE PROTECTION DE NICHE 11x11 NOIR,FINITION,10043,,,300,33.4766667,"ETOPC, CONTAINEUR AVEC RIDEAUX, BOX 22",XX,,,N/A,,
18-SNPB-VIS-XX-ZC,VIS A BOIS 10 X 5/8 TETE RONDE CARRE POUR SUPPORT NIVELEUR POUR BASE-VIS-MILL FINISH,CRATAGE,6352,,,8000,0.794,E5C,XX,,,N/A,,
LGOIR-LITTLE PIECE/SPARE22,MECHE 3MM/BIT 3MM,EXTRUSION,116,,,1,116,ARMOIRE AVEC CLE T2,XX,,,N/A,,
LGOIR-LITTLE PIECE/SPARE23,MECHE 2MM/BIT 2MM,EXTRUSION,90,,,1,90,ARMOIRE AVEC CLE T2,XX,,,N/A,,
LGOIR-LITTLE PIECE/SPARE24,"POWER BIT HEX 3/32"" , 2""",EXTRUSION,25,,,1,25,ARMOIRE SANS CLE,XX,,,TENAQUIP,46101,
LGOIR-LITTLE PIECE/SPARE25,MECHE TX-25,USINE,33,,,1,33,ARMOIRE SANS CLE,XX,,,N/A,,
LGOIR-LITTLE PIECE/SPARE26,MECHE-TX15,USINE,56,,,1,56,ARMOIRE SANS CLE,XX,,,N/A,,
LGOIR-CARPENTEER10,"VIS A BOIS # 8 X 5/8 T. PLATE, PR.CAR.ZINC",FINITION,1000,,,100,10,ARMOIRE AVEC CLE,XX,,,N/A,,
LGOIR-LITTLE PIECE27, #8-32 UNC X1/2 VIS MACHINE T. RONDE COMBINEE ZINC,FINITION,200,,,100,2,ARMOIRE AVEC CLE,XX,,,N/A,,
LGOIR-PACKING6,"ROULEAUX DE FILM DE POLYETHYLENE RENFORCE– 6 mil, 12 pi x 100 pi",CRATAGE,2,,,1,2,CRATAGE,XX,,,ULINE,46086,
LGOIR-SECURITY3,CADENAS/PADLOCKS 5KABLU/ KEY2126,CHANTIER,10,,,450,0.02222222,ARMOIRE AVEC CLE,XX,,,N/A,,
LGOIR-BAK,CROCHET DE ALUMINIUM HORS ACUMATICA,ASSEMBLAGE,2,,,450,0.00444444,E1R,XX,,,N/A,,
LGOIR-OUTSIDE1,SEL DEGLACANTE,USINE,32,,,,#ˇDIV/0!,DEHORS,XX,,,N/A,,
LGOIR-CLEANING,GUENILLES  DE LINGES,USINE,4,,,,4,J,XX,,,N/A,,
LGOIR-DRILL28,21/64 HSS JOBBER DRILL SPLIT POINT BLACK AND GOLD,USINE,8,,,,8,ARMOIRE SANS CLE,XX,,,N/A,,
18-ANGL-202-025-01,"Quincaillerie - Angle Métal 90 degrés - 2"" x 2"" x 1/2"" - Mill Finish",QUINCAILLERIE/EXTRUSION,1310,,,,1310,BOX 18,XX,,,N/A,,
18-ANPB-075-XX-ZC,"CORNIERE DE METAL/ STEEL BRACKET / EQUERRE METAL 75mm x 75mm MILL FINISH(ZINC) 3"" X 3"" 8cm",QUINCAILLERIE,400,,,,4,E3L,XX,,,N/A,,
18-ANPB-050-XX-ZC,"CORNIERE DE METAL/ STEEL BRACKET / EQUERRE METAL 50mm x 50mm MILL FINISH(ZINC) 2"" X 2"" 5cm",QUINCAILLERIE,600,,,,6,E3L,XX,,,N/A,,
18-SNPB-080-XX-ZC,SUPPORT NIVELEUR POUR BASE-080mm-MILL FINISH(BASE TOP PATTES),QUINCAILLERIE,116,,,,2.32,CRETAGE,XX,,,N/A,,
18-SNPB-100-XX-ZC,SUPPORT NIVELEUR POUR BASE-100mm-MILL FINISH(BASE TOP PATTES),QUINCAILLERIE,1396,,,,27.92,CRETAGE,XX,,,RICHELIEU,46099,
18-SNPB-090-XX-ZC,SUPPORT NIVELEUR POUR BASE-090mm-MILL FINISH(BASE TOP PATTES),QUINCAILLERIE,490,,,,9.8,CRETAGE,XX,,,N/A,,
18-ANGL-101-125-01,"ANGLE METAL 1"" X 1"" X 1/8"" MILL FINISH",QUINCAILLERIE,215,,,,1.075,A1,XX,,,MAGNA,,
18-ANGL-151-125-01,"ANGLE METAL -1 1/2"" X 1 1/2"" X 1/8  MILL FINISH",QUINCAILLERIE,178,,,,2.37333333,"A1, ATOP",XX,,,N/A,,
18-FOMT-38S-25-NO,"FOAMTAPE 3/8"" X 25'",EXTRUSION,6400,,,,4,EXTRUSION,XX,,,N/A,,
18-STRP-003-10-01,"STRIPS DE DOS - 3"" X 10.0' MILL FINISH",QUINCAILLERIE,1138,,,,1138,"BIN 1, CONTAINER AVEC PORTES",XX,,,MMS,46097,
18-TIGF-124-10-01,TIGE FILLETE - 10-24 X10.0' MILL FINISH,FINITION,144,,,,2.88,"E1C,A COTE DE L'ESCALIER",XX,,,FASTENAL,46085,
LGOIR-PEINT1,FLITRE POUR CABINE DE PEINTURE/HOBBY AIRBRUSH BOOTH FILTER,FINITION,12,,,,3,ETOPC,XX,,,N/A,,
18-VTRX-124-78-XX,"VIS TORX NATUREL 10-24 X 7/8""",CHANTIER,4000,,,,1,BOX 19,XX,,,N/A,,
18-VTRX-124-12-XX,"VIS TORX NATUREL 10-24 X 1/2""",CHANTIER,0,,,,0,X,XX,,,N/A,,
18-VCMC-124-78-02,"VIS CMC BRONZE 10-24 X 7/8""",CHANTIER,560,,,,0.81277213,E1R,XX,,,N/A,,
18-VTRX-832-12-04,"VIS TORX MARBLE 8-32 X 1/2""",CHANTIER,508,,,,7.36231884,E5C,XX,,,N/A,,
18-VTRX-124-78-04,"VIS TORX MARBLE 10-24 X 7/8""",CHANTIER,97,,,,1,E5C,XX,,,N/A,,
18-VTRX-124-12-NO,"VIS TORX NOIR 10-24 X 1/2""",CHANTIER,10252,,,,189.851852,BOX 21,XX,,,N/A,,
18-VTRX-832-12-02,VIS TORX BRONZE 8-32 X 1/2,CHANTIER,218,,,,1,E5C,XX,,,N/A,,
18-VCMC-124-12-NO,"VIS CMC NOIR 10-24 X 1/2"" ",CHANTIER,5,,,,1,E5C,XX,,,N/A,,
LGOIR-PROTECTION16,RUBAN POUR MARCHES,USINE/SAFETY,2,,,,2,ARMOIRE AVEC CLE,XX,,,N/A,,
LGOIR-LITTLE PIECE28,"NUTSET WITH MAGNET 1/4"" X 5/8""",FINITION,32,,,,6.4,ARMOIRE AVEC CLE,XX,,,N/A,,
LGOIR-VABO-8-3,VIS A BOIS 8 X 3',CRATAGE,1500,,,,1,E1R,XX,,,N/A,,
18-ROSE-PCI-20-41-ANCIEN (DR81012.20BRZ),ROSETTE PYRAMIDAL FINI ANTIQUE BRONZE 2 PATTES COLEUR ANCIEN(SPECIAL),CHANTIER,68,,,,0.15111111,OUTSIDE BOX 6,XX,,,N/A,,
18-ROSE-PCI-40-41-ANCIEN (DR81012.40BRZ),ROSETTE PYRAMIDAL FINI ANTIQUE BRONZE 4 PATTES COLEUR ANCIEN(SPECIAL),CHANTIER,305,,,,0.67777778,BOX 6,XX,,,N/A,,
FD-12S-18-MF-10/ 18-FDFF-112-18-SE,"CONNECTEUR VERTICAL MOLEX 10 SORTIES @ 12""",ELECTRIQUE,2,,,,2,ARMOIRE ELECTRIQUE,XX,,,N/A,,
LGOIR-ang-cha-coin 1,"ANGLE SUPPORT 2"" X 2"" FOR PLASTIC BASE (COIN VITRE)",CHANTIER,781,,,,0.781,BOX 27,XX,,,N/A,,
LGOIR-DRILL2018,"DRILL AND COUNTER SINK  1/8""/MECHE AVEC FRAISE",USINE,0,,,,0,DESK,XX,,,N/A,,
LGOIR-SPARE14,VIGIL LIGHT FILS SPARE,ELECTRIQUE,14,,,,14,ARMOIRE ELECTRIQUE,XX,,,N/A,,
LGOIR-LITTLE PIECE91,"#10-24 UNC X .257"" SHORT LGT BRASS PLAIN (REPARATION D'EXTRUTION)",USINE/EXTRUTION,200,,,,2,ARMOIRE AVEC CLE,XX,,,N/A,,
LGOIR-TOOL-SCIS-MET01,STRAIGHT CUT AVIATION SNIP/CISAILLE D'AVIATION-COUPE RECTILIGNE (WISS),USINE,2,,,,2,ARMOIRE AVEC CLE T3,XX,,,N/A,,
LGOIR-TOOL6610,"HIGH CONTRAST SQUARE 12""/EQUERRE A HAUT CONTRASTE 12""",USINE,1,,,,1,ARMOIRE AVEC CLE,XX,,,N/A,,
LGOIR-LITTLEPIECE,STRIPPER BLADES/LAMES A DECAPER,USINE,2,,,,2,ARMOIRE AVEC CLE T1,XX,,,N/A,,
LGOIR-TOOL5610,EQUERRE JOHNSON/SQUARE JOHNSON,USINE,1,,,,1,ARMOIRE AVEC CLE,XX,,,N/A,,
LGOIR-BETON4,"TAPCON 1/4 X 8""",CHANTIER,50,,,,1,ARMOIRE AVEC CLE,XX,,,N/A,,
18-VTRX-124-01-XX,"VIS TORX NATUREL 10-24 X 1""",CHANTIER,100,,,,1,ARMOIRE AVEC CLE,XX,,,N/A,,
LGOIR-WH451,WASHER 5/8,CHANTIER,172,,,,172,BOITE TRANSPARENT PLASTIQUE CONT CHANTIER,XX,,,N/A,,
LGOIR-HX12461,HEX NUT PETIT DE 3/8,SHEAR,182,,,,182,BOITE TRANSPARENT PLASTIQUE CONT CHANTIER,XX,,,N/A,,
LGOIR-VS702345,10-24 UNC 1/2 VIS MACHINE T.PLATE,USINE,948,,,,9.48,BOITE TRANSPARENT PLASTIQUE CONT CHANTIER,XX,,,N/A,,
LGOIR-HXDDF65213,GRADE 2 HEX NYLON INSERT LOCK NUTS,USINE,85,,,,85,BOITE TRANSPARENT PLASTIQUE CONT CHANTIER,XX,,,N/A,,
LGOIR-S51245,SAE FLAT WASHERS,USINE,100,,,,100,BOITE TRANSPARENT PLASTIQUE CONT CHANTIER,XX,,,N/A,,
LGOIR-BO194,307 A CARRIAGE BOLT 2P 3/8 - 16 X 2,USINE,35,,,,35,BOITE TRANSPARENT PLASTIQUE CONT CHANTIER,XX,,,N/A,,
LGOIR-V134734S,VIS MECANIQUE 10-24 X 1/2 FLAT SOCKET,USINE,400,,,,400,BOITE TRANSPARENT PLASTIQUE CONT CHANTIER,XX,,,N/A,,
LGOIR-V134780946D,10-24 X 3/8 FLAT PT SOCKET SET SCREW,USINE,1086,,,,1086,"BOITE TRANSPARENT PLASTIQUE CONT CHANT, ARMOIRE AVEC CLE T3",XX,,,N/A,,
LGOIR-VTNASDG1245,"VIS TORX NATUREL 10-24 X 1""",USINE,236,,,,236,BOITE TRANSPARENT PLASTIQUE CONT CHANTIER,XX,,,N/A,,
LGOIR-STPRA351,SEE THROUGH POUR ROSETTES ANCIEN,USINE,73,,,,73,BOITE TRANSPARENT PLASTIQUE CONT CHANTIER,XX,,,N/A,,
LGOIR-29914ASDFG,10-24 UNC 3/4 VIS MACHINE TETE PLATE CARRE ZINC,USINE,2633,,,,2633,BOITE TRANSPARENT PLASTIQUE CONT CHANTIER,XX,,,N/A,,
LGOIR-VTP1512,8-32 UNC X 3/8 VIS D'ARRET 6 PTE CONIQUE ,USINE,1000,,,,1000,BOITE TRANSPARENT PLASTIQUE CONT CHANTIER,XX,,,N/A,,
LGOIR-125233VT,VIS TORX BRONZE 10-24 7/8,USINE,111,,,,#ˇDIV/0!,BOITE TRANSPARENT PLASTIQUE CONT CHANTIER,XX,,,N/A,,
LGOIR-LC15NT,LOCK NUTS 5/16-18,USINE,47,,,,47,BOITE TRANSPARENT PLASTIQUE CONT CHANTIER,XX,,,N/A,,
LGOIR-ANC152MACH,ANCRAGE DE LA MACHINE  (MAKO),USINE,1,,,,1,BOITE TRANSPARENT PLASTIQUE CONT CHANTIER,XX,,,N/A,,
LGOIR-125FQ5GA,CALK IN 10 X 24 MCM,USINE,16,,,,16,BOITE TRANSPARENT PLASTIQUE CONT CHANTIER,XX,,,N/A,,
18-TRAM-24V-1A-SE,Transformateur - 24V - 120W - 0.5Amps -1 sortie MOLEX (SEP),CHANTIER,31,,,,31,ARMOIRE ELECTRIQUE,XX,,,N/A,,
18-BLED-200-4K-06-SE,BARRE DE LED 06 4000K,CHANTIER,96,,,,1.92,ARMOIRE ELECTRIQUE,XX,,,N/A,,
18-BLED-200-4K-10-SE,BARRE DE LED 10 4000K,ELECTRIQUE,99,,,,1.98,ARMOIRE ELECTRIQUE,XX,,,N/A,,
18-RLED-200-4K-03-SE,"RONDELLE LED  3""  4000K",ELECTRIQUE,1,,,,0.02,ARMOIRE ELECTRIQUE,XX,,,N/A,,
18-ROSE-PCI-00-42,ROSETTE PYRAMIDAL 4 PATTES FINI ETAIN,CHANTIER,100,,,,0.22222222,BOX 27,XX,,,N/A,,
LGOIR-CHV-02,CACHE VIS ARGENT,EXTRUSION,248,,,,248,ARMOIRE AVEC CLE T2,XX,,,N/A,,
18-CMCA-01S-10-01,"Extrusion 1 1/2"" - CMCA-01 - Standard 10,5' - Mill Finish",EXTRUSION,16,,,,0.05333333,BIN 2,XX,,,N/A,,
18-CMCA-01S-10-03,"Extrusion 1 1/2"" - CMCA-01 - Standard 10,5' - Dark Bronze",EXTRUSION,122,,,,0.40666667,BIN 2,XX,,,N/A,,
18-CMCA-01S-10-04,"Extrusion 1 1/2"" - CMCA-01 - Standard 10,5' - Gold",EXTRUSION,184,,,,0.61333333,BIN 2,XX,,,N/A,,
18-CMCA-01S-10-07,"Extrusion 1 1/2"" - CMCA-01 - Standard 10,5' - Noir",EXTRUSION,32,,,,0.10666667,BIN 2,XX,,,N/A,,
18-CMCA-01S-21-01,"Extrusion 1 1/2"" - CMCA-01 - Standard 21,0' - Mill Finish",EXTRUSION,14,,,,0.04666667,BIN 2,XX,,,N/A,,
18-CMCA-01S-21-02,"Extrusion 1 1/2"" - CMCA-01 - Standard 21,0' - Light Bronze",EXTRUSION,173,,,,0.57666667,BIN 2,XX,,,N/A,,
18-CMCA-01S-21-05,"Extrusion 1 1/2"" - CMCA-01 - Standard 21,0' - Champagne",EXTRUSION,117,,,,0.39,BIN 2,XX,,,N/A,,
18-CMCA-01S-21-06,"Extrusion 1 1/2"" - CMCA-01 - Standard 21,0' - Satin Clair",EXTRUSION,60,,,,0.2,BIN 2,XX,,,N/A,,
18-CMCA-01S-21-30,"Extrusion 1 1/2"" - CMCA-01 - Standard 21,0' - Bronze Antique",EXTRUSION,22,,,,0.07333333,BIN 2,XX,,,N/A,,
18-CMCA-02S-10-01,"Extrusion 0 5/8"" - CMCA-02 - Standard 10,5' - Mill Finish",EXTRUSION,273,,,,0.91,BIN 2,XX,,,N/A,,
18-CMCA-02S-10-02,"Extrusion 0 5/8"" - CMCA-02 - Standard 10,5' - Light Bronze",EXTRUSION,90,,,,0.3,BIN 2,XX,,,N/A,,
18-CMCA-02S-10-03,"Extrusion 0 5/8"" - CMCA-02 - Standard 10,5' - Dark Bronze",EXTRUSION,280,,,,0.93333333,BIN 2,XX,,,N/A,,
18-CMCA-02S-10-04,"Extrusion 0 5/8"" - CMCA-02 - Standard 10,5' - Gold",EXTRUSION,480,,,,1.6,BIN 2,XX,,,N/A,,
18-CMCA-02S-10-05,"Extrusion 0 5/8"" - CMCA-02 - Standard 10,5' - Champagne",EXTRUSION,82,,,,0.27333333,BIN 2,XX,,,N/A,,
18-CMCA-02S-10-06,"Extrusion 0 5/8"" - CMCA-02 - Standard 10,5' - Satin Clair",EXTRUSION,114,,,,0.38,BIN 2,XX,,,N/A,,
18-CMCA-02S-10-07,"Extrusion 0 5/8"" - CMCA-02 - Standard 10,5' - Noir",EXTRUSION,0,,,,0,BIN 2,XX,,,N/A,,
18-CMCA-02X-12-02,"Extrusion 0 5/8"" - CMCA-02 - Coupe Interne SHOP 12"" - Light Bronze",EXTRUSION,747,,,,2.49,BIN 2,XX,,,N/A,,
18-CMCA-02X-12-03,"Extrusion 0 5/8"" - CMCA-02 - Coupe Interne SHOP 12"" - Dark Bronze",EXTRUSION,0,,,,0,BIN 2,XX,,,N/A,,
18-CMCA-02X-12-04,"Extrusion 0 5/8"" - CMCA-02 - Coupe Interne SHOP 12"" - Gold",EXTRUSION,94,,,,0.31333333,BIN 2,XX,,,N/A,,
18-CMCA-02X-14-02,"Extrusion 0 5/8"" - CMCA-02 - Coupe Interne SHOP 14"" - Light Bronze",EXTRUSION,0,,,,0,BIN 2,XX,,,N/A,,
18-CMCA-03S-10-01,"Extrusion 1 1/2"" - CMCA-03 - Standard 10,5' - Mill Finish",EXTRUSION,43,,,,0.14333333,BIN 2,XX,,,N/A,,
18-CMCA-03S-10-04,"Extrusion 1 1/2"" - CMCA-03 - Standard 10,5' - Gold",EXTRUSION,151,,,,0.50333333,BIN 2,XX,,,N/A,,
18-CMCA-03S-10-05,"Extrusion 1 1/2"" - CMCA-03 - Standard 10,5' - Champagne",EXTRUSION,6,,,,0.02,BIN 2,XX,,,N/A,,
18-CMCA-03S-21-01,"Extrusion 1 1/2"" - CMCA-03 - Standard 21,0' - Mill Finish",EXTRUSION,47,,,,0.15666667,BIN 2,XX,,,N/A,,
18-CMCA-03S-21-02,"Extrusion 1 1/2"" - CMCA-03 - Standard 21,0' - Light Bronze",EXTRUSION,149,,,,0.49666667,BIN 2,XX,,,N/A,,
18-CMCA-03S-21-03,"Extrusion 1 1/2"" - CMCA-03 - Standard 21,0' - Dark Bronze",EXTRUSION,12,,,,0.04,BIN 2,XX,,,N/A,,
18-CMCA-03S-21-06,"Extrusion 1 1/2"" - CMCA-03 - Standard 21,0' - Satin Clair",EXTRUSION,8,,,,0.02666667,BIN 2,XX,,,N/A,,
18-CMCA-03S-21-30,"Extrusion 1 1/2"" - CMCA-03 - Standard 21,0' - Bronze Antique",EXTRUSION,15,,,,0.05,BIN 2,XX,,,N/A,,
18-CMCA-04S-10-01,"Extrusion 1 1/2"" - CMCA-04 - Standard 10,5' - Mill Finish",EXTRUSION,250,,,,0.83333333,BIN 2,XX,,,N/A,,
18-CMCA-04S-10-03,"Extrusion 1 1/2"" - CMCA-04 - Standard 10,5' - Dark Bronze",EXTRUSION,106,,,,0.35333333,BIN 2,XX,,,N/A,,
18-CMCA-04S-10-04,"Extrusion 1 1/2"" - CMCA-04 - Standard 10,5' - Gold",EXTRUSION,199,,,,0.66333333,BIN 2,XX,,,N/A,,
18-CMCA-04S-10-05,"Extrusion 1 1/2"" - CMCA-04 - Standard 10,5' - Champagne",EXTRUSION,6,,,,0.02,BIN 2,XX,,,N/A,,
18-CMCA-04S-21-01,"Extrusion 1 1/2"" - CMCA-04 - Standard 21,0' - Mill Finish",EXTRUSION,231,,,,0.77,BIN 2,XX,,,N/A,,
18-CMCA-04S-21-02,"Extrusion 1 1/2"" - CMCA-04 - Standard 21,0' - Light Bronze",EXTRUSION,153,,,,0.51,BIN 2,XX,,,N/A,,
18-CMCA-04S-21-06,"Extrusion 1 1/2"" - CMCA-04 - Standard 21,0' - Satin Clair",EXTRUSION,72,,,,0.24,BIN 2,XX,,,N/A,,
18-CMCA-04S-21-30,"Extrusion 1 1/2"" - CMCA-04 - Standard 21,0' - Bronze Antique",EXTRUSION,17,,,,0.05666667,BIN 2,XX,,,N/A,,
18-CMCA-05M-12-02,"Extrusion 0 5/8"" - CMCA-05 - Machiné 12"" - Light Bronze",EXTRUSION,4909,,,,16.3633333,BIN 2,XX,,,N/A,,
18-CMCA-05M-12-03,"Extrusion 0 5/8"" - CMCA-05 - Machiné 12"" - Dark Bronze",EXTRUSION,169,,,,0.56333333,BIN 2,XX,,,N/A,,
18-CMCA-05M-12-04,"Extrusion 0 5/8"" - CMCA-05 - Machiné 12"" - Gold",EXTRUSION,0,,,,0,BIN 2,XX,,,N/A,,
18-CMCA-05M-12-06,"Extrusion 0 5/8"" - CMCA-05 - Machiné 12"" - Satin Clair",EXTRUSION,0,,,,0,BIN 2,XX,,,N/A,,
18-CMCA-05M-18-02,"Extrusion 0 5/8"" - CMCA-05 - Machiné 18"" - Light Bronze",EXTRUSION,91,,,,0.30333333,BIN 2,XX,,,N/A,,
18-CMCA-05S-10-01,"Extrusion 0 5/8"" - CMCA-05 - Standard 10,5' - Mill Finish",EXTRUSION,0,,,,0,BIN 2,XX,,,N/A,,
18-CMCA-05S-10-02,"Extrusion 0 5/8"" - CMCA-05 - Standard 10,5' - Light Bronze",EXTRUSION,813,,,,2.71,BIN 2,XX,,,N/A,,
18-CMCA-05S-10-03,"Extrusion 0 5/8"" - CMCA-05 - Standard 10,5' - Light Bronze",EXTRUSION,112,,,,0.37333333,BIN 2,XX,,,N/A,,
18-CMCA-05S-10-04,"Extrusion 0 5/8"" - CMCA-05 - Standard 10,5' - Gold",EXTRUSION,470,,,,1.56666667,BIN 2,XX,,,N/A,,
18-CMCA-05S-10-05,"Extrusion 0 5/8"" - CMCA-05 - Standard 10,5' - Champagne",EXTRUSION,2,,,,0.00666667,BIN 2,XX,,,N/A,,
18-CMCA-05S-10-06,"Extrusion 0 5/8"" - CMCA-05 - Standard 10,5' - Satin Clair",EXTRUSION,47,,,,0.15666667,BIN 2,XX,,,N/A,,
18-CMCA-05X-12-02,"Extrusion 0 5/8"" - CMCA-05 - Coupe Interne SHOP 12"" - Light Bronze",EXTRUSION,524,,,,1.74666667,BIN 2,XX,,,N/A,,
18-CMCA-05X-12-04,"Extrusion 0 5/8"" - CMCA-05 - Coupe Interne SHOP 12"" - Gold",EXTRUSION,4,,,,0.01333333,BIN 2,XX,,,N/A,,
18-CMCA-25M-12-01,"Extrusion 0 5/8"" - CMCA-25 - Machiné 12"" - Mill Finish",EXTRUSION,0,,,,0,BIN 2,XX,,,N/A,,
18-CMCA-25S-10-01,"Extrusion 0 5/8"" - CMCA-25 - Standard 10,5' - Mill Finish",EXTRUSION,935,,,,3.11666667,BIN 2,XX,,,N/A,,
18-CMCA-25S-10-21,"Extrusion 0 5/8"" - CMCA-25 - Standard 10,5' - Marbletech White Marble",EXTRUSION,38,,,,0.12666667,BIN 2,XX,,,N/A,,
18-CMCA-25S-10-24,"Extrusion 0 5/8"" - CMCA-25 - Standard 10,5' - Marbletech Arabescato",EXTRUSION,197,,,,0.65666667,BIN 2,XX,,,N/A,,
18-CMCA-25X-12-01,"Extrusion 0 5/8"" - CMCA-25 - Coupe Interne SHOP 12"" - Mill Finish",EXTRUSION,2213,,,,7.37666667,BIN 2,XX,,,N/A,,
18-CMCA-25X-24-01,"Extrusion 0 5/8"" - CMCA-25 - Coupe Interne SHOP 24"" - Mill Finish",EXTRUSION,0,,,,0,BIN 2,XX,,,N/A,,
18-CMCA-26M-12-01,"Extrusion 0 5/8"" - CMCA-26 - Machiné 12"" - Mill Finish",EXTRUSION,3115,,,,10.3833333,BIN 2,XX,,,N/A,,
18-CMCA-26M-12-21,"Extrusion 0 5/8"" - CMCA-26 - Machiné 12"" - Marbletech White Marble",EXTRUSION,16,,,,0.05333333,BIN 2,XX,,,N/A,,
18-CMCA-26M-12-24,"Extrusion 0 5/8"" - CMCA-26 - Machiné 12"" - Marbletech Arabescato",EXTRUSION,87,,,,0.29,BIN 2,XX,,,N/A,,
18-CMCA-26M-14-01,"Extrusion 0 5/8"" - CMCA-26 - Machiné 14"" - Mill Finish",EXTRUSION,1661,,,,5.53666667,BIN 2,XX,,,N/A,,
18-CMCA-26M-20-24,"Extrusion 0 5/8"" - CMCA-26 - Machiné 20"" - Marbletech Arabescato",EXTRUSION,0,,,,0,BIN 2,XX,,,N/A,,
18-CMCA-26S-10-01,"Extrusion 0 5/8"" - CMCA-26 - Standard 10,5' - Mill Finish",EXTRUSION,428,,,,1.42666667,BIN 2,XX,,,N/A,,
18-CMCA-26S-10-20,"Extrusion 0 5/8"" - CMCA-26 - Standard 10,5' - Marbletech Travertin",EXTRUSION,128,,,,0.42666667,BIN 2,XX,,,N/A,,
18-CMCA-26S-10-21,"Extrusion 0 5/8"" - CMCA-26 - Standard 10,5' - Marbletech White Marble",EXTRUSION,232,,,,0.77333333,BIN 2,XX,,,N/A,,
18-CMCA-26S-10-24,"Extrusion 0 5/8"" - CMCA-26 - Standard 10,5' - Marbletech Arabescato",EXTRUSION,19,,,,0.06333333,BIN 2,XX,,,N/A,,
18-CMCA-26X-12-01,"Extrusion 0 5/8"" - CMCA-26 - Coupe Interne SHOP 12"" - Mill Finish",EXTRUSION,0,,,,0,BIN 2,XX,,,N/A,,
18-CMCA-26X-12-24,"Extrusion 0 5/8"" - CMCA-26 - Coupe Interne SHOP 12"" - Marbletech Arabescato",EXTRUSION,17,,,,0.05666667,BIN 2,XX,,,N/A,,
18-CMCA-30S-10-02,"Extrusion 45 DG - CMCA-30 - Standard 10,5' - Light Bronze",EXTRUSION,21,,,,0.07,BIN 2,XX,,,N/A,,
18-CMCA-30S-10-04,"Extrusion 45 DG - CMCA-30 - Standard 10,5' - Gold",EXTRUSION,14,,,,0.04666667,BIN 2,XX,,,N/A,,
18-CMCA-30S-10-05,"Extrusion 45 DG - CMCA-30 - Standard 10,5' - Champagne",EXTRUSION,6,,,,0.02,BIN 2,XX,,,N/A,,
18-CMCA-30S-10-06,"Extrusion 45 DG - CMCA-30 - Standard 10,5' - Satin Clair",EXTRUSION,6,,,,0.02,BIN 2,XX,,,N/A,,
18-CMCA-30S-10-07,"Extrusion 45 DG - CMCA-30 - Standard 10,5' - Noir",EXTRUSION,4,,,,0.01333333,BIN 2,XX,,,N/A,,
18-CMCA-30S-10-20,"Extrusion 45 DG - CMCA-30 - Standard 10,5' - Marbletech Travertin",EXTRUSION,14,,,,0.04666667,BIN 2,XX,,,N/A,,
18-CMCA-30S-10-21,"Extrusion 45 DG - CMCA-30 - Standard 10,5' - Marbletech White Marble",EXTRUSION,10,,,,0.03333333,BIN 2,XX,,,N/A,,
18-CMCA-30S-21-03,"Extrusion 45 DG - CMCA-30 - Standard 21,0' - Dark Bronze",EXTRUSION,75,,,,0.25,BIN 2,XX,,,N/A,,
18-CMCA-35S-21-01,"Extrusion 45 DG - CMCA-35 - Standard 21,0' - Mill Finish",EXTRUSION,0,,,,0,BIN 2,XX,,,N/A,,
18-CMCA-35S-21-02,"Extrusion 0 5/8"" - CMCA-05 - Machiné 12"" - Light Bronze",EXTRUSION,0,,,,0,"BOX 48, BOX 49, BOX 50",XX,,,N/A,,
18-CMCA-35S-21-03,"Extrusion 45 DG - CMCA-35 - Standard 21,0' - Dark Bronze",EXTRUSION,0,,,,0,BIN 2,XX,,,N/A,,
18-CMCA-40S-10-02,"Extrusion 1 1/4"" - CMCA-40 - Standard 10,5' - Light Bronze",EXTRUSION,25,,,,0.08333333,BIN 2,XX,,,N/A,,
18-CMCA-40S-10-06,"Extrusion 1 1/4"" - CMCA-40 - Standard 10,5' - Satin Clair",EXTRUSION,4,,,,0.01333333,BIN 2,XX,,,N/A,,
18-CMCA-40S-21-03,"Extrusion 1 1/4"" - CMCA-40 - Standard 21,0' - Dark Bronze",EXTRUSION,29,,,,0.09666667,BIN 2,XX,,,N/A,,
18-CMCA-40S-21-04,"Extrusion 1 1/4"" - CMCA-40 - Standard 21,0' - Gold",EXTRUSION,14,,,,0.04666667,BIN 2,XX,,,N/A,,
18-CMCA-40S-21-07,"Extrusion 1 1/4"" - CMCA-40 - Standard 21,0' - Noir",EXTRUSION,9,,,,0.03,BIN 2,XX,,,N/A,,
18-CMCA-50S-10-01,"Poteaux 0 7/16"" - CMCA-50 - Standard 10,5' - Mill Finish",EXTRUSION,298.1,,,,0.99366667,BIN 2,XX,,,N/A,,
18-CMCA-50S-10-02,"Poteaux 0 7/16"" - CMCA-50 - Standard 10,5' - Light Bronze",EXTRUSION,322.41,,,,1.0747,BIN 2,XX,,,N/A,,
18-CMCA-50S-10-03,"Poteaux 0 7/16"" - CMCA-50 - Standard 10,5' - Dark Bronze",EXTRUSION,8,,,,0.02666667,BIN 2,XX,,,N/A,,
18-CMCA-50S-10-06,"Poteaux 0 7/16"" - CMCA-50 - Standard 10,5' - Satin Clair",EXTRUSION,38,,,,0.12666667,BIN 2,XX,,,N/A,,
18-CMCA-50S-10-07,"Poteaux 0 7/16"" - CMCA-50 - Standard 10,5' - Noir",EXTRUSION,0.08,,,,0.00026667,BIN 2,XX,,,N/A,,
18-CMCA-50S-10-20,"Poteaux 0 7/16"" - CMCA-50 - Standard 10,5' - Marbletech Travertin",EXTRUSION,34,,,,0.11333333,BIN 2,XX,,,N/A,,
18-CMCA-50S-10-21,"Poteaux 0 7/16"" - CMCA-50 - Standard 10,5' - Marbletech White Marble",EXTRUSION,4,,,,4,ARMOIRE AVEC CLE T2,XX,,,N/A,,
18-CMCA-50S-10-24,"Poteaux 0 7/16"" - CMCA-50 - Standard 10,5' - Marbletech Arabescato",EXTRUSION,38,,,,0.12666667,BIN 2,XX,,,N/A,,
18-5005-410-0F-01,"Feuille Aluminium 5005 - 4,0' x 10,0' - 1/8"" - 0F - Mill Finish",FEUILLES,30,,,,0.6,BIN 1,XX,,,N/A,,
18-5005-410-1F-02,"Feuille Aluminium 5005 - 4,0' x 10,0' - 1/8"" - 1F - Light Bronze",FEUILLES,128,,,,2.56,BIN 1,XX,,,N/A,,
18-5005-410-1F-03,"Feuille Aluminium 5005 - 4,0' x 10,0' - 1/8"" - 1F - Dark Bronze",FEUILLES,8,,,,0.16,BIN 1,XX,,,N/A,,
18-5005-410-1F-07,"Feuille Aluminium 5005 - 4,0' x 10,0' - 1/8"" - 1F - Noir",FEUILLES,0,,,,0,BIN 1,XX,,,N/A,,
18-5005-410-1F-30,"Feuille Aluminium 5005 - 4,0' x 10,0' - 1/8"" - 1F - Bronze Antique",FEUILLES,2,,,,0.04,BIN 1,XX,,,N/A,,
18-5005-410-2F-02,"Feuille Aluminium 5005 - 4,0' x 10,0' - 1/8"" - 2F - Light Bronze",FEUILLES,131,,,,2.62,BIN 1,XX,,,N/A,,
18-5005-410-2F-04,"Feuille Aluminium 5005 - 4,0' x 10,0' - 1/8"" - 2F - Gold",FEUILLES,18,,,,0.36,BIN 1,XX,,,N/A,,
18-5005-410-2F-06,"Feuille Aluminium 5005 - 4,0' x 10,0' - 1/8"" - 2F - Satin Clair",FEUILLES,69,,,,1.38,BIN 1,XX,,,N/A,,
18-5005-410-2F-07,"Feuille Aluminium 5005 - 4,0' x 10,0' - 1/8"" - 2F - Noir",FEUILLES,10,,,,0.2,BIN 1,XX,,,N/A,,
18-5052-451-2F-20,"Feuille Aluminium 5052 - 4,5' x 10,0' - 1/8"" - 2F - Marbletech Travertin",FEUILLES,27,,,,0.54,BIN 1,XX,,,N/A,,
18-5052-451-2F-21,"Feuille Aluminium 5052 - 4,5' x 10,0' - 1/8"" - 2F - Marbletech White Marble",FEUILLES,49,,,,0.98,BIN 1,XX,,,N/A,,
18-5052-451-2F-24,"Feuille Aluminium 5052 - 4,5' x 10,0' - 1/8"" - 2F - Marbletech Arabescato",FEUILLES,98,,,,1.96,BIN 1,XX,,,N/A,,
18-5052-510-0F-01,"Feuille Aluminium 5052 - 5,0' x 10,0' - 1/8"" - 0F - Mill Finish",FEUILLES,112,,,,2.24,BIN 1,XX,,,N/A,,
18-5210-510-0F-01,"Feuille Aluminium 5052 - 5,0' x 10,0' - 1/10"" - 0F - Mill Finish",FEUILLES,100,,,,2,BIN 1,XX,,,N/A,,
18-5526-410-0F-01,"Feuille Aluminium 5052 - 4,0' x 10,0' - 1/16"" - 0F - Mill Finish",FEUILLES,97,,,,1.94,BIN 1,XX,,,N/A,,
18-FILL-410-1F-02,"Feuille Aluminium 5005 - 4,0' x 10,0' - 1/32"" - 1F - Light Bronze",FEUILLES,24,,,,0.48,BIN 1,XX,,,N/A,,
18-FILL-410-1F-03,"Feuille Aluminium 5005 - 4,0' x 10,0' - 1/32"" - 1F - Dark Bronze",FEUILLES,59,,,,1.18,BIN 1,XX,,,N/A,,
18-TIGF-124-12-01,TIGE FILLETE - 10-24 X12.0' MILL FINISH,FINITION,137,,,,2.74,BIN1 TABLE,XX,,,FASTENAL,46085,
LGOIR-PASTE21,SILICONE  BRONZE DOWSIL,CHANTIER,20,,,,1.66666667,E3R,XX,,,VALTEC,,
LGOIR-TOOL45,HUSKY ROUND HEADED RACHET / CLE A DOUILLE A CLIQUET A TETE RONDE,ASSEMBLAGE,2,,,,0.00666667,ARMOIRE AVEC CLE T4,XX,,,N/A,,
LGOIR-UNION-6-MM,"RALLONGE DE TRASNFO 6"" M-M",ELECTRIQUE,206,,,,206,BIN 3,XX,,,N/A,,
LGOIR-TOOL4410,BITES DE TOURNEVIS CMC,CHANTIER,623,,,,623,BOX 27,XX,,,N/A,,
18-ROSE-PCI-40-47,"Rosette - Pyramidal Carré Intérieur - 4,0 PEGS - Noir",CHANTIER,49,,,,0.10888889,BOX 44,XX,,,N/A,,
18-ROSE-PCI-20-47,"Rosette - Pyramidal Carré Intérieur - 2,0 PEGS - Noir",CHANTIER,43,,,,0.09555556,BOX 44,XX,,,N/A,,
18-FILL-410-1F-05,"Feuille Aluminium 5005 - 4,0' x 10,0' - 1/32"" - 1F - Champagne",FEUILLES,8,,,,0.16,BIN 1,XX,,,N/A,,
18-FILL-410-1F-06,"Feuille Aluminium 5005 - 4,0' x 10,0' - 1/32"" - 1F - Satin Clair",FEUILLES,3,,,,0.06,BIN 1,XX,,,N/A,,
18-FILL-410-1F-07,"Feuille Aluminium 5005 - 4,0' x 10,0' - 1/32"" - 1F - Noir",FEUILLES,5,,,,0.1,BIN 1,XX,,,N/A,,
18-FILL-410-2F-04,"Feuille Aluminium 5005 - 4,0' x 10,0' - 1/32"" - 2F - Gold",FEUILLES,4,,,,0.08,BIN 1,XX,,,N/A,,
18-ROSE-PCI-40-72,ROSETTE PYRAMIDAL EN X NOIR ET ETAIN,CHANTIER,92,,,,0.20444444,BOX 51,XX,,,N/A,,
18-CMCA-01C-18-02,"Extrusion 1 1/2"" - CMCA-01 - Curved 18"" - Light Bronze",EXTRUSION,20,,,,0.08,BIN 2,XX,,,N/A,,
18-CMCA-01C-24-02,"Extrusion 1 1/2"" - CMCA-01 - Curved 24"" - Light Bronze",EXTRUSION,0,,,,0,BIN 2,XX,,,N/A,,
18-CMCA-01C-24-03,"Extrusion 1 1/2"" - CMCA-01 - Curved 24"" - Dark Bronze",EXTRUSION,359,,,,7.18,BIN 2,XX,,,N/A,,
18-CMCA-01C-24-04,"Extrusion 1 1/2"" - CMCA-01 - Curved 24"" - Gold",EXTRUSION,66,,,,1.32,BIN 2,XX,,,N/A,,
18-CMCA-01C-24-06,"Extrusion 1 1/2"" - CMCA-01 - Curved 24"" - Satin Clair",EXTRUSION,32,,,,0.64,BIN 2,XX,,,N/A,,
18-CMCA-01C-24-07,"Extrusion 1 1/2"" - CMCA-01 - Curved 24"" - Black",EXTRUSION,33,,,,0.66,BIN 2,XX,,,N/A,,
18-CMCA-01C-24-30,"Extrusion 1 1/2"" - CMCA-01 - Curved 24"" - Bronze Antique",EXTRUSION,7,,,,0.14,BIN 2,XX,,,N/A,,
18-CMCA-01K-10-02,"Extrusion 1 1/2"" - CMCA-01 - Convex 10"" - Light Bronze",EXTRUSION,63,,,,1.26,BIN 2,XX,,,N/A,,
18-CMCA-01K-10-03,"Extrusion 1 1/2"" - CMCA-01 - Convex 10"" - Dark Bronze",EXTRUSION,24,,,,0.48,BIN 2,XX,,,N/A,,
18-CMCA-01K-10-04,"Extrusion 1 1/2"" - CMCA-01 - Convex 10"" - Gold",EXTRUSION,41,,,,0.82,BIN 2,XX,,,N/A,,
18-CMCA-01K-10-06,"Extrusion 1 1/2"" - CMCA-01 - Convex 10"" - Satin Clair",EXTRUSION,56,,,,1.12,BIN 2,XX,,,N/A,,
18-CMCA-01K-10-07,"Extrusion 1 1/2"" - CMCA-01 - Convex 10"" - Black",EXTRUSION,0,,,,0,BIN 2,XX,,,N/A,,
18-CMCA-01K-10-30,"Extrusion 1 1/2"" - CMCA-01 - Convex 10"" - Bronze Antique",EXTRUSION,15,,,,0.3,BIN 2,XX,,,N/A,,
18-CMCA-01V-14-02,"Extrusion 1 1/2"" - CMCA-01 - Concave 14,5"" - Light Bronze",EXTRUSION,117,,,,2.34,BIN 2,XX,,,N/A,,
18-CMCA-01V-14-03,"Extrusion 1 1/2"" - CMCA-01 - Concave 14,5"" - Dark Bronze",EXTRUSION,208,,,,4.16,BIN 2,XX,,,N/A,,
18-CMCA-01V-14-06,"Extrusion 1 1/2"" - CMCA-01 - Concave 14,5"" - Satin Clair",EXTRUSION,5,,,,0.1,BIN 2,XX,,,N/A,,
18-CMCA-01V-14-30,"Extrusion 1 1/2"" - CMCA-01 - Concave 14,5"" - Bronze Antique",EXTRUSION,12,,,,0.24,BIN 2,XX,,,N/A,,
3/816X21/4,STUDS,CHANTIER,107100,,,,107.1,"CONTAINER CHANTIER, BOX 37(10000), BOX 38(9000), BOX 39(9000)",XX,,,N/A,,
LGOIR-shims90,SHIMS NOIRES RECTANGULAIRES,USINE,1352,,,,1,ETOPC,XX,,,N/A,,
3/816UNC,HEX NUTS POUR STUD,CHANTIER,55800,,,,55800,"CONTAINEUR DU CHANTIER,   BOX 43(39000)",XX,,,N/A,,
LGOIR-REVCUTOOL123,CUT OFF TOOL/ OUTILS DE COUPE,USNIE,1,,,,1,ARMOIRE AVEC CLE T3,XX,,,N/A,,
LGOIR-LIQUID11SC,PEINTURE SATIN CLAIR,USINE ,12,,,,1,E6C,XX,,,N/A,,
18-ANGL-202-135-01,"Quincaillerie - Angle Métal 137 degrés - 2"" x 2"" x 1/2"" - Mill Finish",QUINCAILLERIE/EXTRUSION,44,,,,44,B0X 18,XX,,,N/A,,
LGOIR-CAVGO-1245,CACHE VIS GOLD,USINE,52,,,,52,ARMOIRE AVEC CLE T2,XX,,,TBD,46077,
18-ANGL-202-119-01,"Quincaillerie - Angle Métal 119 degrés - 2"" x 2"" x 1/2"" - Mill Finish",QUINCAILLERIE/EXTRUSION,0,,,,0,DESK,XX,,,N/A,,
LGOIR-HCOMB,PLAQUE DE CARTON HONEYCOMB,CRATAGE,0,,,,0,CRATAGE,XX,,,ULINE,46077,
LGOIR-CRCLFI5,"CLOUS DE FINITION CALIBRE 18 1-1/4""",CRATAGE,45000,,,,9,CARTAGE,XX,,,AGRAFBEC,46079,
18-CMCA-40S-10-04,"Extrusion 1 1/4"" - CMCA-40 - Standard 10,0' - Gold",EXTRUSION,0,,,,0,BIN 2,XX,,,DAJCOR,46101,
18-PIC-021-0505-02,"Tube en aluminium carre de block de curve inverse 21' x  0.5""x 0.5"" Light bronze",ASSEMBLAGE,0,,,,0,B8-PROD,XX,,,Details,,
18-PIC-021-0505-XX,"Tube en aluminium carre de block de curve inverse 21' x  0.5""x 0.5"" Mill finish",ASSEMBLAGE,0,,,,0,B8-PROD,XX,,,N/A,,
18-PIC-105-0505-02,"Tube en aluminium carre de block de curve inverse 10' x  0.5""x 0.5"" Light bronze",ASSEMBLAGE,0,,,,0,B8-PROD,XX,,,N/A,,
18-TABC-BIC-22-02,"Tablette courbe inverse THBIC 22.5 - 22 1/4"" X 22 1/4"" X 1/8"" - 1 face - Light bronze",ASSEMBLAGE,40,,,,40,B8-PROD,XX,,,N/A,,
18-TABC-TIC-22-02,"Tablette courbe inverse TIC 22.5 - 22 3/8"" X 22 3/8"" X 1/8"" - 2 faces - Light bronze",ASSEMBLAGE,150,,,,150,B8-PROD,XX,,,N/A,,
18-TABC-BAC-24-02,"Tablette courbe THBAC 24 - 17 3/4"" X 23 1/16"" X 1/8"" - 1 face - Light bronze",ASSEMBLAGE,34,,,,34,B8-PROD,XX,,,N/A,,
18-5005-510-1F-02 ,"Feuille Aluminium 5005 - 5,0' x 10,0' - 1/8"" - 1F - Light Bronze",FEUILLES,36,,,,0.72,BIN 1,XX,,,N/A,,
18-5005-510-2F-02 ,"Feuille Aluminium 5005 - 5,0' x 10,0' - 1/8"" - 2F - Light Bronze",FEUILLES,32,,,,0.64,BIN 1,XX,,,N/A,,
18-5005-510-2F-03,"Feuille Aluminium 5005 - 5,0' x 10,0' - 1/8"" - 2F - Dark Bronze",FEUILLES,4,,,,0.08,BIN 1,XX,,,N/A,,
18-5005-510-0F-01,"Feuille Aluminium 5005 - 5,0' x 10,0' - 1/8"" - 0F - Mill Finish",FEUILLES,10,,,,0.2,BIN 1,XX,,,N/A,,
18-5005-510-0F-02,"Feuille Aluminium 5005 - 5,0' x 10,0' - 1/8"" - 0F - Light Bronze",FEUILLES,0,,,,0,BIN 1,XX,,,N/A,,
18-TABL-DEV-12-02,"Tablette standard - DEV12 - 11 3/5"" x 11 7/8''- Light bronze",ASSEMBLAGE,50,,,,50,B8-PROD,XX,,,N/A,,
18-TABL-DEX-12-02,"Tablette standard - DE12 - 11 9/16"" x 11 15/16''- Light bronze",ASSEMBLAGE,46,,,,46,B8-PROD,XX,,,N/A,,
18-TABL-DXX-12-02,"Tablette standard - D12 - 11 9/16"" x 11 5/8''- Light bronze",ASSEMBLAGE,23,,,,23,B8-PROD,XX,,,N/A,,
LGOIR-REVOLUTION / SPARE21,DISQUE A ABRASIF 60+,ASSEMBLAGE,100,,,,2,ARMOIRE AVEC CLE,XX,,,N/A,46093,
LGOIR-REVOLUTION / SPARE22,DISQUE A ABRASIF 36+,ASSEMBLAGE,100,,,,2,ARMOIRE AVEC CLE,XX,,,N/A,46093,
18-ANGL-202-139-01,"Quincaillerie - Angle Métal 139 degrés - 2"" x 2"" x 1/2"" - Mill Finish",QUINCAILLERIE/EXTRUSION,30,,,,30,B0X 18,XX,,,N/A,,
